图片名,English,简体中文,,,,,,,,,,,,,,,,
12-string,12-string,12弦吉他,,,,,,,,,,,,,,,,
Figure 8,Figure 8,8字结,,,,,,,,,,,,,,,,
A,A,A,,,,,,,,,,,,,,,,
Alt,Alt,Alt键,,,,,,,,,,,,,,,,
Arepa,Arepa,Arepa饼,,,,,,,,,,,,,,,,
Arial,Arial,Arial,,,,,,,,,,,,,,,,
Ace,Ace,A牌,,,,,,,,,,,,,,,,
Calibri,Calibri,Calibri,,,,,,,,,,,,,,,,
Challah,Challah,Challah面包,,,,,,,,,,,,,,,,
Cozmo,Cozmo,Cozmo机器人,,,,,,,,,,,,,,,,
E,E,E,,,,,,,,,,,,,,,,
Enter,Enter,Enter键,,,,,,,,,,,,,,,,
Georgia,Georgia,Georgia,,,,,,,,,,,,,,,,
Kuri,Kuri,Kuri机器人,,,,,,,,,,,,,,,,
LED,LED,LED灯,,,,,,,,,,,,,,,,
Nao,Nao,Nao机器人,,,,,,,,,,,,,,,,
O,O,O,,,,,,,,,,,,,,,,
Oswald,Oswald,Oswald,,,,,,,,,,,,,,,,
Polo,Polo,Polo衫,,,,,,,,,,,,,,,,
Polo,Polo,Polo领,,,,,,,,,,,,,,,,
Roboto,Roboto,Roboto,,,,,,,,,,,,,,,,
Shift,Shift,Shift键,,,,,,,,,,,,,,,,
Tab,Tab,Tab键,,,,,,,,,,,,,,,,
Podium,Podium,T台,,,,,,,,,,,,,,,,
T-shirt,T-shirt,T恤,,,,,,,,,,,,,,,,
T-shirt bag,T-shirt bag,T恤包装袋,,,,,,,,,,,,,,,,
Travel pillow,Travel pillow,U型枕,,,,,,,,,,,,,,,,
VR headset,VR headset,VR头显,,,,,,,,,,,,,,,,
VR headset,VR headset,VR头盔,,,,,,,,,,,,,,,,
Vector,Vector,Vector机器人,,,,,,,,,,,,,,,,
Verdana,Verdana,Verdana,,,,,,,,,,,,,,,,
V-neck,V-neck,V领,,,,,,,,,,,,,,,,
One,One,一,,,,,,,,,,,,,,,,
Glass of juice,Glass of juice,一杯果汁,,,,,,,,,,,,,,,,
Basket of apples,Basket of apples,一篮苹果,,,,,,,,,,,,,,,,
Dime,Dime,一角,,,,,,,,,,,,,,,,
Clove,Clove,丁香,,,,,,,,,,,,,,,,
Lilac,Lilac,丁香,,,,,,,,,,,,,,,,
Seven,Seven,七,,,,,,,,,,,,,,,,
Heptagon,Heptagon,七边形,,,,,,,,,,,,,,,,
Septet,Septet,七重奏,,,,,,,,,,,,,,,,
Marigold,Marigold,万寿菊,,,,,,,,,,,,,,,,
Three,Three,三,,,,,,,,,,,,,,,,
Trident,Trident,三叉戟,,,,,,,,,,,,,,,,
Shamrock,Shamrock,三叶草,,,,,,,,,,,,,,,,
Clover,Clover,三叶草,,,,,,,,,,,,,,,,
Sandwich,Sandwich,三明治,,,,,,,,,,,,,,,,
Tripod,Tripod,三脚桌,,,,,,,,,,,,,,,,
Tripod lamp,Tripod lamp,三脚灯,,,,,,,,,,,,,,,,
Triangle yoga,Triangle yoga,三角式,,,,,,,,,,,,,,,,
Triangle,Triangle,三角形,,,,,,,,,,,,,,,,
Pennon,Pennon,三角旗,,,,,,,,,,,,,,,,
Trio,Trio,三重奏,,,,,,,,,,,,,,,,
Down dog yoga,Down dog yoga,下犬式,,,,,,,,,,,,,,,,
AND,AND,与门,,,,,,,,,,,,,,,,
NAND,NAND,与非门,,,,,,,,,,,,,,,,
Cupid,Cupid,丘比特,,,,,,,,,,,,,,,,
East,East,东,,,,,,,,,,,,,,,,
Ribbon,Ribbon,丝带,,,,,,,,,,,,,,,,
China flag,China flag,中国国旗,,,,,,,,,,,,,,,,
Viola,Viola,中提琴,,,,,,,,,,,,,,,,
Alto,Alto,中音长笛,,,,,,,,,,,,,,,,
Denmark flag,Denmark flag,丹麦国旗,,,,,,,,,,,,,,,,
Keep,Keep,主楼,,,,,,,,,,,,,,,,
Home,Home,主页,,,,,,,,,,,,,,,,
Cuttlefish,Cuttlefish,乌贼,,,,,,,,,,,,,,,,
Uruz,Uruz,乌鲁兹,,,,,,,,,,,,,,,,
Uluru,Uluru,乌鲁鲁巨石,,,,,,,,,,,,,,,,
Raven,Raven,乌鸦,,,,,,,,,,,,,,,,
Crow,Crow,乌鸦,,,,,,,,,,,,,,,,
Bakasana,Bakasana,乌鸦式,,,,,,,,,,,,,,,,
Raven origami,Raven origami,乌鸦折纸,,,,,,,,,,,,,,,,
Turtle,Turtle,乌龟,,,,,,,,,,,,,,,,
Tortoise,Tortoise,乌龟,,,,,,,,,,,,,,,,
Loafer,Loafer,乐福鞋,,,,,,,,,,,,,,,,
Band,Band,乐队,,,,,,,,,,,,,,,,
Lego,Lego,乐高,,,,,,,,,,,,,,,,
Times,Times,乘,,,,,,,,,,,,,,,,
Multiply,Multiply,乘,,,,,,,,,,,,,,,,
Nine,Nine,九,,,,,,,,,,,,,,,,
Hydra,Hydra,九头蛇,,,,,,,,,,,,,,,,
Menorah,Menorah,九烛台,,,,,,,,,,,,,,,,
Nonagon,Nonagon,九边形,,,,,,,,,,,,,,,,
Enneagon,Enneagon,九边形,,,,,,,,,,,,,,,,
Book,Book,书,,,,,,,,,,,,,,,,
Backpack,Backpack,书包,,,,,,,,,,,,,,,,
Stacks,Stacks,书堆,,,,,,,,,,,,,,,,
Bookstore,Bookstore,书店,,,,,,,,,,,,,,,,
Bookshelves,Bookshelves,书架,,,,,,,,,,,,,,,,
Bookcase,Bookcase,书柜,,,,,,,,,,,,,,,,
Desk,Desk,书桌,,,,,,,,,,,,,,,,
Desk lamp,Desk lamp,书桌灯,,,,,,,,,,,,,,,,
Book,Book,书籍,,,,,,,,,,,,,,,,
Fudge,Fudge,乳脂软糖,,,,,,,,,,,,,,,,
Cheese,Cheese,乳酪,,,,,,,,,,,,,,,,
Two,Two,二,,,,,,,,,,,,,,,,
Diode,Diode,二极管,,,,,,,,,,,,,,,,
CO2,CO2,二氧化碳,,,,,,,,,,,,,,,,
Duet,Duet,二重奏,,,,,,,,,,,,,,,,
Cloud,Cloud,云,,,,,,,,,,,,,,,,
Cloud,Cloud,云朵,,,,,,,,,,,,,,,,
Cloudy marble,Cloudy marble,云纹弹珠,,,,,,,,,,,,,,,,
Five,Five,五,,,,,,,,,,,,,,,,
Nickel,Nickel,五分,,,,,,,,,,,,,,,,
Confetti,Confetti,五彩纸屑,,,,,,,,,,,,,,,,
Pentacle,Pentacle,五角星,,,,,,,,,,,,,,,,
Pentagon,Pentagon,五边形,,,,,,,,,,,,,,,,
Quintet,Quintet,五重奏,,,,,,,,,,,,,,,,
Asia,Asia,亚洲,,,,,,,,,,,,,,,,
Flax,Flax,亚麻,,,,,,,,,,,,,,,,
Intersection,Intersection,交叉点,,,,,,,,,,,,,,,,
Dummy,Dummy,人台模特,,,,,,,,,,,,,,,,
Human,Human,人头,,,,,,,,,,,,,,,,
Chevron,Chevron,人字形,,,,,,,,,,,,,,,,
Flip-flops,Flip-flops,人字拖,,,,,,,,,,,,,,,,
Gable,Gable,人字顶,,,,,,,,,,,,,,,,
Yuan,Yuan,人民币,,,,,,,,,,,,,,,,
Human,Human,人类,,,,,,,,,,,,,,,,
Assault,Assault,人身侵犯,,,,,,,,,,,,,,,,
Satellite,Satellite,人造卫星,,,,,,,,,,,,,,,,
Soul patch,Soul patch,仁丹胡,,,,,,,,,,,,,,,,
Hamster,Hamster,仓鼠,,,,,,,,,,,,,,,,
Hamster wheel,Hamster wheel,仓鼠跑轮,,,,,,,,,,,,,,,,
Cacti,Cacti,仙人掌,,,,,,,,,,,,,,,,
Cactus,Cactus,仙人掌,,,,,,,,,,,,,,,,
Fairy,Fairy,仙女,,,,,,,,,,,,,,,,
Fairy,Fairy,仙子,,,,,,,,,,,,,,,,
Taskbar,Taskbar,任务栏,,,,,,,,,,,,,,,,
Penguin,Penguin,企鹅,,,,,,,,,,,,,,,,
Epsilon,Epsilon,伊普西龙,,,,,,,,,,,,,,,,
Uno,Uno,优诺牌,,,,,,,,,,,,,,,,
Leaflet,Leaflet,传单,,,,,,,,,,,,,,,,
Portals,Portals,传送门,,,,,,,,,,,,,,,,
London bridge,London bridge,伦敦桥,,,,,,,,,,,,,,,,
Queue,Queue,伫列,,,,,,,,,,,,,,,,
Earl,Earl,伯爵,,,,,,,,,,,,,,,,
Gamma,Gamma,伽玛,,,,,,,,,,,,,,,,
Bass flute,Bass flute,低音长笛,,,,,,,,,,,,,,,,
Bass drum,Bass drum,低音鼓,,,,,,,,,,,,,,,,
Bass Drum,Bass Drum,低音鼓,,,,,,,,,,,,,,,,
Physical exam,Physical exam,体检,,,,,,,,,,,,,,,,
Stadium,Stadium,体育场,,,,,,,,,,,,,,,,
Ember,Ember,余烬,,,,,,,,,,,,,,,,
Focaccia,Focaccia,佛卡夏,,,,,,,,,,,,,,,,
Pagoda,Pagoda,佛塔,,,,,,,,,,,,,,,,
Paisley,Paisley,佩斯利,,,,,,,,,,,,,,,,
Paisley,Paisley,佩斯利纹,,,,,,,,,,,,,,,,
Petra,Petra,佩特拉古城,,,,,,,,,,,,,,,,
Poo,Poo,便便,,,,,,,,,,,,,,,,
Night store,Night store,便利店,,,,,,,,,,,,,,,,
Penny,Penny,便士,,,,,,,,,,,,,,,,
Russian,Russian,俄语,,,,,,,,,,,,,,,,
Save,Save,保存,,,,,,,,,,,,,,,,
Janitor,Janitor,保洁员,,,,,,,,,,,,,,,,
Fuse,Fuse,保险丝,,,,,,,,,,,,,,,,
Strongbox,Strongbox,保险箱,,,,,,,,,,,,,,,,
Safe,Safe,保险箱,,,,,,,,,,,,,,,,
Letter,Letter,信件,,,,,,,,,,,,,,,,
Signal,Signal,信号,,,,,,,,,,,,,,,,
Flare,Flare,信号弹,,,,,,,,,,,,,,,,
Flare buoy,Flare buoy,信号浮标,,,,,,,,,,,,,,,,
Beacon,Beacon,信标,,,,,,,,,,,,,,,,
Credit card,Credit card,信用卡,,,,,,,,,,,,,,,,
Abbey,Abbey,修道院,,,,,,,,,,,,,,,,
Push-up,Push-up,俯卧撑,,,,,,,,,,,,,,,,
Club,Club,俱乐部,,,,,,,,,,,,,,,,
Wig,Wig,假发,,,,,,,,,,,,,,,,
Fake beard,Fake beard,假胡子,,,,,,,,,,,,,,,,
Stop,Stop,停止,,,,,,,,,,,,,,,,
Stop icon,Stop icon,停止图示,,,,,,,,,,,,,,,,
Stop button,Stop button,停止按钮,,,,,,,,,,,,,,,,
Stop,Stop,停止标志,,,,,,,,,,,,,,,,
Evening,Evening,傍晚,,,,,,,,,,,,,,,,
Locker,Locker,储物柜,,,,,,,,,,,,,,,,
Monks,Monks,僧侣鞋,,,,,,,,,,,,,,,,
Zombie,Zombie,僵尸,,,,,,,,,,,,,,,,
Dugong,Dugong,儒艮,,,,,,,,,,,,,,,,
Child,Child,儿童,,,,,,,,,,,,,,,,
Kids bed,Kids bed,儿童床,,,,,,,,,,,,,,,,
Air mattress,Air mattress,充气床垫,,,,,,,,,,,,,,,,
Charger,Charger,充电器,,,,,,,,,,,,,,,,
Power bank,Power bank,充电宝,,,,,,,,,,,,,,,,
Photon,Photon,光子,,,,,,,,,,,,,,,,
Halo,Halo,光晕,,,,,,,,,,,,,,,,
Cleopatra,Cleopatra,克利奥帕特拉,,,,,,,,,,,,,,,,
Claus,Claus,克劳斯,,,,,,,,,,,,,,,,
Claddagh,Claddagh,克拉达戒指,,,,,,,,,,,,,,,,
Clotho,Clotho,克洛托,,,,,,,,,,,,,,,,
Claymore,Claymore,克莱莫剑,,,,,,,,,,,,,,,,
Duty-free,Duty-free,免税店,,,,,,,,,,,,,,,,
Rabbit,Rabbit,兔子,,,,,,,,,,,,,,,,
Rabbit track,Rabbit track,兔子的足迹,,,,,,,,,,,,,,,,
Burglary,Burglary,入室盗窃,,,,,,,,,,,,,,,,
Eight,Eight,八,,,,,,,,,,,,,,,,
Trigram,Trigram,八卦,,,,,,,,,,,,,,,,
Pug,Pug,八哥犬,,,,,,,,,,,,,,,,
Mustache,Mustache,八字胡,,,,,,,,,,,,,,,,
Octagon,Octagon,八边形,,,,,,,,,,,,,,,,
Octet,Octet,八重奏,,,,,,,,,,,,,,,,
Flat,Flat,公寓,,,,,,,,,,,,,,,,
Bull,Bull,公牛,,,,,,,,,,,,,,,,
Hog,Hog,公猪,,,,,,,,,,,,,,,,
Ram,Ram,公羊,,,,,,,,,,,,,,,,
Road,Road,公路,,,,,,,,,,,,,,,,
Bus,Bus,公车,,,,,,,,,,,,,,,,
Rooster,Rooster,公鸡,,,,,,,,,,,,,,,,
Six,Six,六,,,,,,,,,,,,,,,,
Sextant,Sextant,六分仪,,,,,,,,,,,,,,,,
Junebug,Junebug,六月金龟,,,,,,,,,,,,,,,,
Hexagram,Hexagram,六芒星,,,,,,,,,,,,,,,,
Hexagon,Hexagon,六边形,,,,,,,,,,,,,,,,
Sextet,Sextet,六重奏,,,,,,,,,,,,,,,,
Orchid,Orchid,兰花,,,,,,,,,,,,,,,,
Pawn,Pawn,兵,,,,,,,,,,,,,,,,
RAM PC,RAM PC,内存,,,,,,,,,,,,,,,,
Panties,Panties,内裤,,,,,,,,,,,,,,,,
Saber,Saber,军刀,,,,,,,,,,,,,,,,
Bugle,Bugle,军号,,,,,,,,,,,,,,,,
Snare,Snare,军鼓,,,,,,,,,,,,,,,,
Farmer,Farmer,农民,,,,,,,,,,,,,,,,
Crown gear,Crown gear,冠状齿轮,,,,,,,,,,,,,,,,
Pluto,Pluto,冥王星,,,,,,,,,,,,,,,,
Winter,Winter,冬季,,,,,,,,,,,,,,,,
Ice,Ice,冰,,,,,,,,,,,,,,,,
Ice dance,Ice dance,冰上舞蹈,,,,,,,,,,,,,,,,
Ice cube,Ice cube,冰块,,,,,,,,,,,,,,,,
Curling,Curling,冰壶,,,,,,,,,,,,,,,,
Igloo,Igloo,冰屋,,,,,,,,,,,,,,,,
Iceberg,Iceberg,冰山,,,,,,,,,,,,,,,,
Glacier,Glacier,冰川,,,,,,,,,,,,,,,,
Crampons,Crampons,冰爪,,,,,,,,,,,,,,,,
Hockey,Hockey,冰球,,,,,,,,,,,,,,,,
Ice hockey,Ice hockey,冰球,,,,,,,,,,,,,,,,
Ice axe,Ice axe,冰镐,,,,,,,,,,,,,,,,
Surfboard,Surfboard,冲浪板,,,,,,,,,,,,,,,,
Surfer,Surfer,冲浪者,,,,,,,,,,,,,,,,
Hypoid,Hypoid,准双曲面齿轮,,,,,,,,,,,,,,,,
Sandal,Sandal,凉鞋,,,,,,,,,,,,,,,,
Minus,Minus,减,,,,,,,,,,,,,,,,
Subtract,Subtract,减,,,,,,,,,,,,,,,,
Phoenix,Phoenix,凤凰,,,,,,,,,,,,,,,,
Cockatoo,Cockatoo,凤头鹦鹉,,,,,,,,,,,,,,,,
Pineapple,Pineapple,凤梨,,,,,,,,,,,,,,,,
Celtic knot,Celtic knot,凯尔特结,,,,,,,,,,,,,,,,
Caiman,Caiman,凯门鳄,,,,,,,,,,,,,,,,
Stool,Stool,凳子,,,,,,,,,,,,,,,,
Chisel,Chisel,凿子,,,,,,,,,,,,,,,,
Knife,Knife,刀,,,,,,,,,,,,,,,,
Knife,Knife,刀子,,,,,,,,,,,,,,,,
Cent,Cent,分,,,,,,,,,,,,,,,,
Shift,Shift,切换键,,,,,,,,,,,,,,,,
Cutting board,Cutting board,切菜板,,,,,,,,,,,,,,,,
Leonardo,Leonardo,列奥那多,,,,,,,,,,,,,,,,
Delete,Delete,删除键,,,,,,,,,,,,,,,,
Carton,Carton,利乐包,,,,,,,,,,,,,,,,
Villa,Villa,别墅,,,,,,,,,,,,,,,,
Uniform,Uniform,制服,,,,,,,,,,,,,,,,
Tab,Tab,制表键,,,,,,,,,,,,,,,,
Brush,Brush,刷子,,,,,,,,,,,,,,,,
Hedgehog,Hedgehog,刺猬,,,,,,,,,,,,,,,,
Embroidery,Embroidery,刺绣,,,,,,,,,,,,,,,,
Agouti,Agouti,刺豚鼠,,,,,,,,,,,,,,,,
Cerberus,Cerberus,刻耳柏洛斯,,,,,,,,,,,,,,,,
Razor,Razor,剃刀,,,,,,,,,,,,,,,,
Shaver,Shaver,剃须刀,,,,,,,,,,,,,,,,
Shave brush,Shave brush,剃须刷,,,,,,,,,,,,,,,,
Peeler blade,Peeler blade,削皮刀,,,,,,,,,,,,,,,,
Peeler,Peeler,削皮器,,,,,,,,,,,,,,,,
Vambrace,Vambrace,前臂甲,,,,,,,,,,,,,,,,
Sword,Sword,剑,,,,,,,,,,,,,,,,
Scissors,Scissors,剪刀,,,,,,,,,,,,,,,,
Mower,Mower,割草机,,,,,,,,,,,,,,,,
Add,Add,加,,,,,,,,,,,,,,,,
Plus,Plus,加,,,,,,,,,,,,,,,,
Cannon,Cannon,加农炮,,,,,,,,,,,,,,,,
Crypto,Crypto,加密货币,,,,,,,,,,,,,,,,
Galata bridge,Galata bridge,加拉塔桥,,,,,,,,,,,,,,,,
Canada,Canada,加拿大,,,,,,,,,,,,,,,,
CN,CN,加拿大国家电视塔,,,,,,,,,,,,,,,,
Canada flag,Canada flag,加拿大国旗,,,,,,,,,,,,,,,,
Spoon,Spoon,勺子,,,,,,,,,,,,,,,,
Scooped,Scooped,勺形领,,,,,,,,,,,,,,,,
Grout,Grout,勾缝剂,,,,,,,,,,,,,,,,
Wrapper,Wrapper,包装纸,,,,,,,,,,,,,,,,
Parcel,Parcel,包裹,,,,,,,,,,,,,,,,
Dagger,Dagger,匕首,,,,,,,,,,,,,,,,
North,North,北,,,,,,,,,,,,,,,,
North,North,北极,,,,,,,,,,,,,,,,
Polar bear,Polar bear,北极熊,,,,,,,,,,,,,,,,
Kraken,Kraken,北海巨妖,,,,,,,,,,,,,,,,
Hospital,Hospital,医院,,,,,,,,,,,,,,,,
Eleven,Eleven,十一,,,,,,,,,,,,,,,,
Thirteen,Thirteen,十三,,,,,,,,,,,,,,,,
Nineteen,Nineteen,十九,,,,,,,,,,,,,,,,
Cross,Cross,十字,,,,,,,,,,,,,,,,
Cross,Cross,十字架,,,,,,,,,,,,,,,,
Crucifix,Crucifix,十字架,,,,,,,,,,,,,,,,
Decagon,Decagon,十边形,,,,,,,,,,,,,,,,
Lasagna,Lasagna,千层面,,,,,,,,,,,,,,,,
Jack,Jack,千斤顶,,,,,,,,,,,,,,,,
Crane origami,Crane origami,千纸鹤,,,,,,,,,,,,,,,,
Crane,Crane,千纸鹤,,,,,,,,,,,,,,,,
Lunchbox,Lunchbox,午餐盒,,,,,,,,,,,,,,,,
Centaur,Centaur,半人马,,,,,,,,,,,,,,,,
Radius,Radius,半径,,,,,,,,,,,,,,,,
Bust,Bust,半身像,,,,,,,,,,,,,,,,
Skirt,Skirt,半身裙,,,,,,,,,,,,,,,,
Lean-to,Lean-to,单坡屋顶,,,,,,,,,,,,,,,,
Bowline,Bowline,单套结,,,,,,,,,,,,,,,,
Monocle,Monocle,单片眼镜,,,,,,,,,,,,,,,,
Spyglass,Spyglass,单筒望远镜,,,,,,,,,,,,,,,,
Clarinet,Clarinet,单簧管,,,,,,,,,,,,,,,,
Monorail,Monorail,单轨列车,,,,,,,,,,,,,,,,
South,South,南,,,,,,,,,,,,,,,,
Antarctic,Antarctic,南极,,,,,,,,,,,,,,,,
South,South,南极,,,,,,,,,,,,,,,,
Pumpkin,Pumpkin,南瓜,,,,,,,,,,,,,,,,
Museum,Museum,博物馆,,,,,,,,,,,,,,,,
Karaoke mic,Karaoke mic,卡拉OK麦克风,,,,,,,,,,,,,,,,
Kenaz,Kenaz,卡纳兹,,,,,,,,,,,,,,,,
Kaunan,Kaunan,卡翁,,,,,,,,,,,,,,,,
Truck,Truck,卡车,,,,,,,,,,,,,,,,
Truck wheels,Truck wheels,卡车车轮,,,,,,,,,,,,,,,,
Carrick,Carrick,卡里克结,,,,,,,,,,,,,,,,
Rupee,Rupee,卢比,,,,,,,,,,,,,,,,
Louvre,Louvre,卢浮宫,,,,,,,,,,,,,,,,
Satellite,Satellite,卫星,,,,,,,,,,,,,,,,
Toilet paper,Toilet paper,卫生纸,,,,,,,,,,,,,,,,
India,India,印度,,,,,,,,,,,,,,,,
India flag,India flag,印度国旗,,,,,,,,,,,,,,,,
Curly,Curly,卷发,,,,,,,,,,,,,,,,
Hair,Hair,卷发器,,,,,,,,,,,,,,,,
Cabbage,Cabbage,卷心菜,,,,,,,,,,,,,,,,
Scroll,Scroll,卷轴,,,,,,,,,,,,,,,,
Burrito,Burrito,卷饼,,,,,,,,,,,,,,,,
Road,Road,压路机,,,,,,,,,,,,,,,,
Acoustic,Acoustic,原声吉他,,,,,,,,,,,,,,,,
Atomic,Atomic,原子钟,,,,,,,,,,,,,,,,
Chef,Chef,厨师,,,,,,,,,,,,,,,,
Chef hat,Chef hat,厨师帽,,,,,,,,,,,,,,,,
Kitchen,Kitchen,厨房,,,,,,,,,,,,,,,,
Fork spoon,Fork spoon,叉勺,,,,,,,,,,,,,,,,
Fork,Fork,叉子,,,,,,,,,,,,,,,,
Loveseat,Loveseat,双人沙发,,,,,,,,,,,,,,,,
Gemini,Gemini,双子座,,,,,,,,,,,,,,,,
Сhampignon,Сhampignon,双孢菇,,,,,,,,,,,,,,,,
Hands,Hands,双手,,,,,,,,,,,,,,,,
Duplex,Duplex,双拼住宅,,,,,,,,,,,,,,,,
Binoculars,Binoculars,双筒望远镜,,,,,,,,,,,,,,,,
Oboe,Oboe,双簧管,,,,,,,,,,,,,,,,
Amphora,Amphora,双耳瓶,,,,,,,,,,,,,,,,
Twins,Twins,双胞胎,,,,,,,,,,,,,,,,
Bicorn,Bicorn,双角帽,,,,,,,,,,,,,,,,
Wyvern,Wyvern,双足飞龙,,,,,,,,,,,,,,,,
Backgammon,Backgammon,双陆棋,,,,,,,,,,,,,,,,
Pisces,Pisces,双鱼座,,,,,,,,,,,,,,,,
Avocet,Avocet,反嘴鹬,,,,,,,,,,,,,,,,
Hair tie,Hair tie,发圈,,,,,,,,,,,,,,,,
Hairpin,Hairpin,发夹,,,,,,,,,,,,,,,,
Headband,Headband,发带,,,,,,,,,,,,,,,,
Hair ribbon,Hair ribbon,发带,,,,,,,,,,,,,,,,
Hairpin,Hairpin,发簪,,,,,,,,,,,,,,,,
Crumhorn,Crumhorn,变号管,,,,,,,,,,,,,,,,
Chameleon,Chameleon,变色龙,,,,,,,,,,,,,,,,
Harmonica,Harmonica,口琴,,,,,,,,,,,,,,,,
Lipstick,Lipstick,口红,,,,,,,,,,,,,,,,
Pocket,Pocket,口袋,,,,,,,,,,,,,,,,
Pocket comb,Pocket comb,口袋梳,,,,,,,,,,,,,,,,
Gum,Gum,口香糖,,,,,,,,,,,,,,,,
Snout,Snout,口鼻部,,,,,,,,,,,,,,,,
Codex,Codex,古籍手抄本,,,,,,,,,,,,,,,,
Jingle bell,Jingle bell,叮当铃,,,,,,,,,,,,,,,,
Cocoa,Cocoa,可可粉,,,,,,,,,,,,,,,,
Recycle,Recycle,可回收,,,,,,,,,,,,,,,,
Desktop,Desktop,台式机,,,,,,,,,,,,,,,,
Table lamp,Table lamp,台灯,,,,,,,,,,,,,,,,
Billiards,Billiards,台球,,,,,,,,,,,,,,,,
Foliage,Foliage,叶子,,,,,,,,,,,,,,,,
Shale,Shale,叶岩,,,,,,,,,,,,,,,,
Horn,Horn,号角,,,,,,,,,,,,,,,,
Scone,Scone,司康饼,,,,,,,,,,,,,,,,
Driver,Driver,司机,,,,,,,,,,,,,,,,
Choir,Choir,合唱团,,,,,,,,,,,,,,,,
Synthesizer,Synthesizer,合成器,,,,,,,,,,,,,,,,
Churro,Churro,吉事果,,,,,,,,,,,,,,,,
Guitar,Guitar,吉他,,,,,,,,,,,,,,,,
Gebo,Gebo,吉博,,,,,,,,,,,,,,,,
Jeep,Jeep,吉普车,,,,,,,,,,,,,,,,
Pendant,Pendant,吊坠,,,,,,,,,,,,,,,,
Hammock,Hammock,吊床,,,,,,,,,,,,,,,,
XNOR,XNOR,同或门,,,,,,,,,,,,,,,,
Queen,Queen,后,,,,,,,,,,,,,,,,
Toast,Toast,吐司,,,,,,,,,,,,,,,,
Up,Up,向上,,,,,,,,,,,,,,,,
Sunflower,Sunflower,向日葵,,,,,,,,,,,,,,,,
Bark,Bark,吠叫,,,,,,,,,,,,,,,,
Hearing,Hearing,听觉,,,,,,,,,,,,,,,,
Vacuum,Vacuum,吸尘器,,,,,,,,,,,,,,,,
Smoking,Smoking,吸烟,,,,,,,,,,,,,,,,
Straw,Straw,吸管,,,,,,,,,,,,,,,,
Vampire,Vampire,吸血鬼,,,,,,,,,,,,,,,,
Hairdryer,Hairdryer,吹风机,,,,,,,,,,,,,,,,
Croak,Croak,呱,,,,,,,,,,,,,,,,
Miso,Miso,味噌,,,,,,,,,,,,,,,,
Taste,Taste,味觉,,,,,,,,,,,,,,,,
Respirator,Respirator,呼吸器,,,,,,,,,,,,,,,,
Hula hoop,Hula hoop,呼啦圈,,,,,,,,,,,,,,,,
Purr,Purr,呼噜声,,,,,,,,,,,,,,,,
Kimono,Kimono,和服,,,,,,,,,,,,,,,,
Coffee,Coffee,咖啡,,,,,,,,,,,,,,,,
Caffeine,Caffeine,咖啡因,,,,,,,,,,,,,,,,
Coffee machine,Coffee machine,咖啡机,,,,,,,,,,,,,,,,
Coffee beans,Coffee beans,咖啡豆,,,,,,,,,,,,,,,,
Coffee bean,Coffee bean,咖啡豆,,,,,,,,,,,,,,,,
Cafe,Cafe,咖啡馆,,,,,,,,,,,,,,,,
Curry,Curry,咖喱,,,,,,,,,,,,,,,,
Bleat,Bleat,咩,,,,,,,,,,,,,,,,
Salty,Salty,咸味,,,,,,,,,,,,,,,,
Husky,Husky,哈士奇,,,,,,,,,,,,,,,,
Harpy,Harpy,哈耳庇厄,,,,,,,,,,,,,,,,
Dumbbell,Dumbbell,哑铃,,,,,,,,,,,,,,,,
Goblin,Goblin,哥布林,,,,,,,,,,,,,,,,
Godzilla,Godzilla,哥斯拉,,,,,,,,,,,,,,,,
Whistle,Whistle,哨子,,,,,,,,,,,,,,,,
Crying,Crying,哭泣,,,,,,,,,,,,,,,,
Cry,Cry,哭脸,,,,,,,,,,,,,,,,
Crying face,Crying face,哭脸,,,,,,,,,,,,,,,,
Shadbush,Shadbush,唐棣,,,,,,,,,,,,,,,,
Om,Om,唵,,,,,,,,,,,,,,,,
Saliva,Saliva,唾液,,,,,,,,,,,,,,,,
Goods,Goods,商品,,,,,,,,,,,,,,,,
Logo,Logo,商标,,,,,,,,,,,,,,,,
Caravan,Caravan,商队,,,,,,,,,,,,,,,,
Comedy,Comedy,喜剧片,,,,,,,,,,,,,,,,
Magpie,Magpie,喜鹊,,,,,,,,,,,,,,,,
Meow,Meow,喵,,,,,,,,,,,,,,,,
Fountain,Fountain,喷泉,,,,,,,,,,,,,,,,
Fountain salute,Fountain salute,喷泉礼炮,,,,,,,,,,,,,,,,
Smell,Smell,嗅觉,,,,,,,,,,,,,,,,
Quack,Quack,嘎,,,,,,,,,,,,,,,,
Lips,Lips,嘴唇,,,,,,,,,,,,,,,,
Howl,Howl,嚎叫,,,,,,,,,,,,,,,,
Gopher,Gopher,囊地鼠,,,,,,,,,,,,,,,,
Four,Four,四,,,,,,,,,,,,,,,,
FortyOne,FortyOne,四十一,,,,,,,,,,,,,,,,
Quad bike,Quad bike,四轮摩托车,,,,,,,,,,,,,,,,
Quartet,Quartet,四重奏,,,,,,,,,,,,,,,,
Recycle,Recycle,回收标志,,,,,,,,,,,,,,,,
Bin,Bin,回收站,,,,,,,,,,,,,,,,
Swirl,Swirl,回旋,,,,,,,,,,,,,,,,
Boomerang,Boomerang,回旋镖,,,,,,,,,,,,,,,,
Enter,Enter,回车键,,,,,,,,,,,,,,,,
Inuit,Inuit,因纽特人,,,,,,,,,,,,,,,,
Bib,Bib,围兜,,,,,,,,,,,,,,,,
Scarf,Scarf,围巾,,,,,,,,,,,,,,,,
Go game,Go game,围棋,,,,,,,,,,,,,,,,
Apron,Apron,围裙,,,,,,,,,,,,,,,,
King,King,国王,,,,,,,,,,,,,,,,
Chess,Chess,国际象棋,,,,,,,,,,,,,,,,
Library,Library,图书馆,,,,,,,,,,,,,,,,
Pictures,Pictures,图画,,,,,,,,,,,,,,,,
Icons,Icons,图示,,,,,,,,,,,,,,,,
Totem,Totem,图腾,,,,,,,,,,,,,,,,
Circle,Circle,圆形,,,,,,,,,,,,,,,,
Circular,Circular,圆形轨道,,,,,,,,,,,,,,,,
Centre,Centre,圆心,,,,,,,,,,,,,,,,
Column,Column,圆柱,,,,,,,,,,,,,,,,
Ring,Ring,圆环,,,,,,,,,,,,,,,,
Cone,Cone,圆锥体,,,,,,,,,,,,,,,,
Bowler,Bowler,圆顶礼帽,,,,,,,,,,,,,,,,
Derby,Derby,圆顶礼帽,,,,,,,,,,,,,,,,
Earth,Earth,土,,,,,,,,,,,,,,,,
Mound,Mound,土丘,,,,,,,,,,,,,,,,
Land,Land,土地,,,,,,,,,,,,,,,,
Adobe,Adobe,土坯墙,,,,,,,,,,,,,,,,
Marmot,Marmot,土拨鼠,,,,,,,,,,,,,,,,
Saturn,Saturn,土星,,,,,,,,,,,,,,,,
Potatoes,Potatoes,土豆,,,,,,,,,,,,,,,,
Potato,Potato,土豆,,,,,,,,,,,,,,,,
Chalice,Chalice,圣杯,,,,,,,,,,,,,,,,
Scarab,Scarab,圣甲虫,,,,,,,,,,,,,,,,
Santa,Santa,圣诞老人,,,,,,,,,,,,,,,,
Map,Map,地图,,,,,,,,,,,,,,,,
Floor,Floor,地板,,,,,,,,,,,,,,,,
Rug,Rug,地毯,,,,,,,,,,,,,,,,
Burrow,Burrow,地洞,,,,,,,,,,,,,,,,
Earth,Earth,地球,,,,,,,,,,,,,,,,
Globe,Globe,地球仪,,,,,,,,,,,,,,,,
Gnome,Gnome,地精,,,,,,,,,,,,,,,,
Subway,Subway,地铁,,,,,,,,,,,,,,,,
Clapboard,Clapboard,场记板,,,,,,,,,,,,,,,,
Bidet,Bidet,坐浴盆,,,,,,,,,,,,,,,,
Nut,Nut,坚果,,,,,,,,,,,,,,,,
Wedges,Wedges,坡跟鞋,,,,,,,,,,,,,,,,
Crucible,Crucible,坩埚,,,,,,,,,,,,,,,,
Cowl,Cowl,垂褶领,,,,,,,,,,,,,,,,
Garbage,Garbage,垃圾,,,,,,,,,,,,,,,,
Trash,Trash,垃圾,,,,,,,,,,,,,,,,
Bin,Bin,垃圾桶,,,,,,,,,,,,,,,,
Trash,Trash,垃圾箱,,,,,,,,,,,,,,,,
Cushion,Cushion,垫子,,,,,,,,,,,,,,,,
Chickpea,Chickpea,埃及豆,,,,,,,,,,,,,,,,
Emir,Emir,埃米尔,,,,,,,,,,,,,,,,
Eiffel,Eiffel,埃菲尔铁塔,,,,,,,,,,,,,,,,
Castle,Castle,城堡,,,,,,,,,,,,,,,,
Rampart,Rampart,城墙,,,,,,,,,,,,,,,,
Bailey,Bailey,城郭,,,,,,,,,,,,,,,,
Bacon,Bacon,培根,,,,,,,,,,,,,,,,
Pedestal,Pedestal,基座桌,,,,,,,,,,,,,,,,
Compost,Compost,堆肥,,,,,,,,,,,,,,,,
Fort,Fort,堡垒,,,,,,,,,,,,,,,,
Plastic,Plastic,塑胶,,,,,,,,,,,,,,,,
Taco,Taco,塔可,,,,,,,,,,,,,,,,
Tacos,Tacos,塔可,,,,,,,,,,,,,,,,
Tower bridge,Tower bridge,塔桥,,,,,,,,,,,,,,,,
Tower,Tower,塔楼,,,,,,,,,,,,,,,,
Tarot,Tarot,塔罗牌,,,,,,,,,,,,,,,,
Tower,Tower,塔钟,,,,,,,,,,,,,,,,
Pagoda,Pagoda,塔顶,,,,,,,,,,,,,,,,
Cyprus,Cyprus,塞浦路斯,,,,,,,,,,,,,,,,
Filler,Filler,填充花,,,,,,,,,,,,,,,,
Crossword,Crossword,填字游戏,,,,,,,,,,,,,,,,
Ink,Ink,墨水,,,,,,,,,,,,,,,,
Sombrero,Sombrero,墨西哥宽边帽,,,,,,,,,,,,,,,,
Nachos,Nachos,墨西哥玉米片,,,,,,,,,,,,,,,,
Tortilla,Tortilla,墨西哥薄饼,,,,,,,,,,,,,,,,
Fucus,Fucus,墨角藻,,,,,,,,,,,,,,,,
Wall lamp,Wall lamp,壁灯,,,,,,,,,,,,,,,,
Fireplace,Fireplace,壁炉,,,,,,,,,,,,,,,,
Hearth,Hearth,壁炉,,,,,,,,,,,,,,,,
Murals,Murals,壁画,,,,,,,,,,,,,,,,
Gecko,Gecko,壁虎,,,,,,,,,,,,,,,,
Loam,Loam,壤土,,,,,,,,,,,,,,,,
Jug,Jug,壶,,,,,,,,,,,,,,,,
Spout,Spout,壶嘴,,,,,,,,,,,,,,,,
Virgo,Virgo,处女座,,,,,,,,,,,,,,,,
Prescription,Prescription,处方,,,,,,,,,,,,,,,,
Easter,Easter,复活节,,,,,,,,,,,,,,,,
Ciabatta,Ciabatta,夏巴塔,,,,,,,,,,,,,,,,
Takeaway,Takeaway,外卖,,,,,,,,,,,,,,,,
Barbican,Barbican,外堡,,,,,,,,,,,,,,,,
Chassis,Chassis,外壳,,,,,,,,,,,,,,,,
Coat,Coat,外套,,,,,,,,,,,,,,,,
To-go cup,To-go cup,外带杯,,,,,,,,,,,,,,,,
Surgical,Surgical,外科口罩,,,,,,,,,,,,,,,,
Grapnel,Grapnel,多爪锚,,,,,,,,,,,,,,,,
Domino,Domino,多米诺骨牌,,,,,,,,,,,,,,,,
Donnie,Donnie,多纳泰罗,,,,,,,,,,,,,,,,
Succulent,Succulent,多肉植物,,,,,,,,,,,,,,,,
Night,Night,夜晚,,,,,,,,,,,,,,,,
Dahlia,Dahlia,大丽花,,,,,,,,,,,,,,,,
Tuba,Tuba,大号,,,,,,,,,,,,,,,,
Thumb,Thumb,大拇指,,,,,,,,,,,,,,,,
Cello,Cello,大提琴,,,,,,,,,,,,,,,,
Big Ben,Big Ben,大本钟,,,,,,,,,,,,,,,,
Australia,Australia,大洋洲,,,,,,,,,,,,,,,,
Cannon,Cannon,大炮,,,,,,,,,,,,,,,,
Gorilla,Gorilla,大猩猩,,,,,,,,,,,,,,,,
Marble,Marble,大理石,,,,,,,,,,,,,,,,
Big cage,Big cage,大笼子,,,,,,,,,,,,,,,,
Rice,Rice,大米,,,,,,,,,,,,,,,,
Brain,Brain,大脑,,,,,,,,,,,,,,,,
Garlic,Garlic,大蒜,,,,,,,,,,,,,,,,
Overcoat,Overcoat,大衣,,,,,,,,,,,,,,,,
Coat,Coat,大衣,,,,,,,,,,,,,,,,
Soybean,Soybean,大豆,,,,,,,,,,,,,,,,
Elephant,Elephant,大象,,,,,,,,,,,,,,,,
Tome,Tome,大部头,,,,,,,,,,,,,,,,
Flagons,Flagons,大酒壶,,,,,,,,,,,,,,,,
Tankard,Tankard,大酒杯,,,,,,,,,,,,,,,,
Big screen,Big screen,大银幕,,,,,,,,,,,,,,,,
Gates,Gates,大门,,,,,,,,,,,,,,,,
Barley,Barley,大麦,,,,,,,,,,,,,,,,
Barley cereal,Barley cereal,大麦,,,,,,,,,,,,,,,,
Angel,Angel,天使,,,,,,,,,,,,,,,,
Tempura,Tempura,天妇罗,,,,,,,,,,,,,,,,
Scales,Scales,天平,,,,,,,,,,,,,,,,
Scale,Scale,天平,,,,,,,,,,,,,,,,
Uranus,Uranus,天王星,,,,,,,,,,,,,,,,
Libra,Libra,天秤座,,,,,,,,,,,,,,,,
Sky,Sky,天空,,,,,,,,,,,,,,,,
Azure hue,Azure hue,天蓝色,,,,,,,,,,,,,,,,
Cerulean,Cerulean,天蓝色,,,,,,,,,,,,,,,,
Mothman,Mothman,天蛾人,,,,,,,,,,,,,,,,
Scorpio,Scorpio,天蝎座,,,,,,,,,,,,,,,,
Swan,Swan,天鹅,,,,,,,,,,,,,,,,
Swan origami,Swan origami,天鹅折纸,,,,,,,,,,,,,,,,
Toffee,Toffee,太妃糖,,,,,,,,,,,,,,,,
Pacific,Pacific,太平洋,,,,,,,,,,,,,,,,
Sun,Sun,太阳,,,,,,,,,,,,,,,,
Solar chakras,Solar chakras,太阳神经丛脉轮,,,,,,,,,,,,,,,,
Sundress,Sundress,太阳裙,,,,,,,,,,,,,,,,
Sunglasses,Sunglasses,太阳镜,,,,,,,,,,,,,,,,
Tiara,Tiara,头冠,,,,,,,,,,,,,,,,
Hair,Hair,头发,,,,,,,,,,,,,,,,
Bandana,Bandana,头巾,,,,,,,,,,,,,,,,
Turban,Turban,头巾,,,,,,,,,,,,,,,,
Headset,Headset,头戴式耳机,,,,,,,,,,,,,,,,
Headlamp,Headlamp,头灯,,,,,,,,,,,,,,,,
Helmet,Helmet,头盔,,,,,,,,,,,,,,,,
Veil,Veil,头纱,,,,,,,,,,,,,,,,
Tiara,Tiara,头饰,,,,,,,,,,,,,,,,
Skull,Skull,头骨,,,,,,,,,,,,,,,,
Jacket,Jacket,夹克,,,,,,,,,,,,,,,,
Clamp,Clamp,夹具,,,,,,,,,,,,,,,,
Tongs,Tongs,夹子,,,,,,,,,,,,,,,,
Clamp,Clamp,夹子,,,,,,,,,,,,,,,,
Tongs,Tongs,夹钳,,,,,,,,,,,,,,,,
Chimera,Chimera,奇美拉,,,,,,,,,,,,,,,,
Run,Run,奔跑,,,,,,,,,,,,,,,,
Statuette,Statuette,奖像,,,,,,,,,,,,,,,,
Prize,Prize,奖品,,,,,,,,,,,,,,,,
Ribbon,Ribbon,奖带,,,,,,,,,,,,,,,,
Trophy,Trophy,奖杯,,,,,,,,,,,,,,,,
Medal,Medal,奖牌,,,,,,,,,,,,,,,,
Diploma,Diploma,奖状,,,,,,,,,,,,,,,,
Medal,Medal,奖章,,,,,,,,,,,,,,,,
Award ribbon,Award ribbon,奖章绶带,,,,,,,,,,,,,,,,
Jumper,Jumper,套头衫,,,,,,,,,,,,,,,,
Pullover,Pullover,套头衫,,,,,,,,,,,,,,,,
Lasso,Lasso,套索,,,,,,,,,,,,,,,,
Ogopogo,Ogopogo,奥古普古,,,,,,,,,,,,,,,,
Oscars,Oscars,奥斯卡,,,,,,,,,,,,,,,,
Oscar,Oscar,奥斯卡奖,,,,,,,,,,,,,,,,
Olympics,Olympics,奥运会,,,,,,,,,,,,,,,,
Woman,Woman,女人,,,,,,,,,,,,,,,,
Lady,Lady,女士,,,,,,,,,,,,,,,,
Blouse,Blouse,女式衬衫,,,,,,,,,,,,,,,,
Empress,Empress,女皇,,,,,,,,,,,,,,,,
Pacifier,Pacifier,奶嘴,,,,,,,,,,,,,,,,
Cow,Cow,奶牛,,,,,,,,,,,,,,,,
Milk bottle,Milk bottle,奶瓶,,,,,,,,,,,,,,,,
Bottle,Bottle,奶瓶,,,,,,,,,,,,,,,,
Name tag,Name tag,姓名牌,,,,,,,,,,,,,,,,
Ginger,Ginger,姜,,,,,,,,,,,,,,,,
Venetian,Venetian,威尼斯面具,,,,,,,,,,,,,,,,
Doll,Doll,娃娃,,,,,,,,,,,,,,,,
Dollhouse,Dollhouse,娃娃屋,,,,,,,,,,,,,,,,
Wedding rings,Wedding rings,婚戒,,,,,,,,,,,,,,,,
Wedding,Wedding,婚礼,,,,,,,,,,,,,,,,
Crib,Crib,婴儿床,,,,,,,,,,,,,,,,
Child yoga,Child yoga,婴儿式,,,,,,,,,,,,,,,,
Balasana,Balasana,婴儿式,,,,,,,,,,,,,,,,
Stroller,Stroller,婴儿车,,,,,,,,,,,,,,,,
Baby carriage,Baby carriage,婴儿车,,,,,,,,,,,,,,,,
Sprout,Sprout,嫩芽,,,,,,,,,,,,,,,,
Hole saw,Hole saw,孔锯,,,,,,,,,,,,,,,,
Peacock,Peacock,孔雀,,,,,,,,,,,,,,,,
Piggybank,Piggybank,存钱罐,,,,,,,,,,,,,,,,
Cumin,Cumin,孜然,,,,,,,,,,,,,,,,
Butte,Butte,孤山,,,,,,,,,,,,,,,,
Graduate cap,Graduate cap,学士帽,,,,,,,,,,,,,,,,
School building,School building,学校建筑,,,,,,,,,,,,,,,,
Student,Student,学生,,,,,,,,,,,,,,,,
Ningen,Ningen,宁根,,,,,,,,,,,,,,,,
Anole,Anole,安乐蜥,,,,,,,,,,,,,,,,
Security,Security,安保,,,,,,,,,,,,,,,,
Safety razor,Safety razor,安全剃须刀,,,,,,,,,,,,,,,,
Safety helmet,Safety helmet,安全头盔,,,,,,,,,,,,,,,,
Seatbelt,Seatbelt,安全带,,,,,,,,,,,,,,,,
Hard hat,Hard hat,安全帽,,,,,,,,,,,,,,,,
Safety net,Safety net,安全网,,,,,,,,,,,,,,,,
Ankh,Ankh,安卡,,,,,,,,,,,,,,,,
Pacifier,Pacifier,安抚奶嘴,,,,,,,,,,,,,,,,
Ansuz,Ansuz,安祖,,,,,,,,,,,,,,,,
Location,Location,定位,,,,,,,,,,,,,,,,
Pagoda,Pagoda,宝塔,,,,,,,,,,,,,,,,
Throne,Throne,宝座,,,,,,,,,,,,,,,,
Gems,Gems,宝石,,,,,,,,,,,,,,,,
Gem,Gem,宝石,,,,,,,,,,,,,,,,
Ruby red,Ruby red,宝石红,,,,,,,,,,,,,,,,
Chest,Chest,宝箱,,,,,,,,,,,,,,,,
Treasure,Treasure,宝藏,,,,,,,,,,,,,,,,
Cowrie,Cowrie,宝螺,,,,,,,,,,,,,,,,
Laboratory,Laboratory,实验室,,,,,,,,,,,,,,,,
Trial,Trial,审判,,,,,,,,,,,,,,,,
Court shoes,Court shoes,宫廷鞋,,,,,,,,,,,,,,,,
Furniture,Furniture,家俱,,,,,,,,,,,,,,,,
Prawn,Prawn,对虾,,,,,,,,,,,,,,,,
Navigate,Navigate,导航,,,,,,,,,,,,,,,,
Sushi,Sushi,寿司,,,,,,,,,,,,,,,,
Spotlight,Spotlight,射灯,,,,,,,,,,,,,,,,
Archery,Archery,射箭,,,,,,,,,,,,,,,,
Clown,Clown,小丑,,,,,,,,,,,,,,,,
Buffoon,Buffoon,小丑,,,,,,,,,,,,,,,,
Clown face,Clown face,小丑脸,,,,,,,,,,,,,,,,
Urinal,Urinal,小便池,,,,,,,,,,,,,,,,
Coronet,Coronet,小冠冕,,,,,,,,,,,,,,,,
Trumpet,Trumpet,小号,,,,,,,,,,,,,,,,
Buckler shield,Buckler shield,小圆盾,,,,,,,,,,,,,,,,
Bun,Bun,小圆面包,,,,,,,,,,,,,,,,
Roll,Roll,小圆面包,,,,,,,,,,,,,,,,
Buns,Buns,小圆面包,,,,,,,,,,,,,,,,
Spyglass,Spyglass,小型望远镜,,,,,,,,,,,,,,,,
Cherub,Cherub,小天使,,,,,,,,,,,,,,,,
Cygnet,Cygnet,小天鹅,,,,,,,,,,,,,,,,
Kid,Kid,小孩,,,,,,,,,,,,,,,,
Kid,Kid,小山羊,,,,,,,,,,,,,,,,
Path,Path,小径,,,,,,,,,,,,,,,,
Lentil,Lentil,小扁豆,,,,,,,,,,,,,,,,
Violin,Violin,小提琴,,,,,,,,,,,,,,,,
Chapel,Chapel,小教堂,,,,,,,,,,,,,,,,
Calf,Calf,小牛,,,,,,,,,,,,,,,,
Puppy,Puppy,小狗,,,,,,,,,,,,,,,,
Piglet,Piglet,小猪,,,,,,,,,,,,,,,,
Piglet,Piglet,小猪崽,,,,,,,,,,,,,,,,
Kitten,Kitten,小猫,,,,,,,,,,,,,,,,
Locket,Locket,小盒坠子,,,,,,,,,,,,,,,,
Leprechaun,Leprechaun,小矮妖,,,,,,,,,,,,,,,,
Millet cereal,Millet cereal,小米,,,,,,,,,,,,,,,,
Lamb,Lamb,小羊,,,,,,,,,,,,,,,,
Mustache,Mustache,小胡子,,,,,,,,,,,,,,,,
Boat,Boat,小船,,,,,,,,,,,,,,,,
Boat origami,Boat origami,小船折纸,,,,,,,,,,,,,,,,
Radish,Radish,小萝卜,,,,,,,,,,,,,,,,
Planets,Planets,小行星,,,,,,,,,,,,,,,,
Wallaby,Wallaby,小袋鼠,,,,,,,,,,,,,,,,
Tips,Tips,小费,,,,,,,,,,,,,,,,
Pathway,Pathway,小路,,,,,,,,,,,,,,,,
BMX,BMX,小轮车,,,,,,,,,,,,,,,,
Widget,Widget,小部件,,,,,,,,,,,,,,,,
Figurine,Figurine,小雕像,,,,,,,,,,,,,,,,
Foal,Foal,小马,,,,,,,,,,,,,,,,
Pony,Pony,小马,,,,,,,,,,,,,,,,
Duckling,Duckling,小鸭,,,,,,,,,,,,,,,,
Gosling,Gosling,小鹅,,,,,,,,,,,,,,,,
Wheat,Wheat,小麦,,,,,,,,,,,,,,,,
Erg,Erg,尔格沙地,,,,,,,,,,,,,,,,
Squeal,Squeal,尖叫,,,,,,,,,,,,,,,,
Fangs,Fangs,尖牙,,,,,,,,,,,,,,,,
Penne,Penne,尖管面,,,,,,,,,,,,,,,,
Spire,Spire,尖顶,,,,,,,,,,,,,,,,
Ukulele,Ukulele,尤克里里,,,,,,,,,,,,,,,,
Ruler,Ruler,尺子,,,,,,,,,,,,,,,,
Tale,Tale,尾巴,,,,,,,,,,,,,,,,
Tail,Tail,尾梳,,,,,,,,,,,,,,,,
Diaper,Diaper,尿布,,,,,,,,,,,,,,,,
Tadasana,Tadasana,山式,,,,,,,,,,,,,,,,
Troll,Troll,山怪,,,,,,,,,,,,,,,,
Hawthorn,Hawthorn,山楂,,,,,,,,,,,,,,,,
Cougar,Cougar,山狮,,,,,,,,,,,,,,,,
Goat,Goat,山羊,,,,,,,,,,,,,,,,
Goat,Goat,山羊群,,,,,,,,,,,,,,,,
Goatee,Goatee,山羊胡,,,,,,,,,,,,,,,,
Mountains,Mountains,山脉,,,,,,,,,,,,,,,,
Ridge,Ridge,山脊,,,,,,,,,,,,,,,,
Dogwood,Dogwood,山茱萸,,,,,,,,,,,,,,,,
Mandrill,Mandrill,山魈,,,,,,,,,,,,,,,,
Bluff,Bluff,峭壁,,,,,,,,,,,,,,,,
Panel,Panel,嵌板,,,,,,,,,,,,,,,,
Nest,Nest,巢穴,,,,,,,,,,,,,,,,
Toolbox,Toolbox,工具箱,,,,,,,,,,,,,,,,
Factory,Factory,工厂,,,,,,,,,,,,,,,,
Utility vest,Utility vest,工装背心,,,,,,,,,,,,,,,,
Chocolate,Chocolate,巧克力,,,,,,,,,,,,,,,,
Choco,Choco,巧克力,,,,,,,,,,,,,,,,
Ciabatta,Ciabatta,巧巴达,,,,,,,,,,,,,,,,
Toucan,Toucan,巨嘴鸟,,,,,,,,,,,,,,,,
Pavise shield,Pavise shield,巨盾,,,,,,,,,,,,,,,,
Boulder,Boulder,巨石,,,,,,,,,,,,,,,,
Troll,Troll,巨魔,,,,,,,,,,,,,,,,
Wizard,Wizard,巫师,,,,,,,,,,,,,,,,
Sent,Sent,已发送,,,,,,,,,,,,,,,,
Pug,Pug,巴哥犬,,,,,,,,,,,,,,,,
Bus,Bus,巴士,,,,,,,,,,,,,,,,
Balbo,Balbo,巴尔博胡,,,,,,,,,,,,,,,,
Barnsley,Barnsley,巴恩斯利蕨,,,,,,,,,,,,,,,,
Panama,Panama,巴拿马帽,,,,,,,,,,,,,,,,
Panama,Panama,巴拿马草帽,,,,,,,,,,,,,,,,
Bassoon,Bassoon,巴松管,,,,,,,,,,,,,,,,
Brazil flag,Brazil flag,巴西国旗,,,,,,,,,,,,,,,,
Market,Market,市场,,,,,,,,,,,,,,,,
Rag,Rag,布娃娃,,,,,,,,,,,,,,,,
Brownie,Brownie,布朗尼,,,,,,,,,,,,,,,,
Bowline,Bowline,布林结,,,,,,,,,,,,,,,,
Brogues,Brogues,布洛克鞋,,,,,,,,,,,,,,,,
Cuckoo,Cuckoo,布谷鸟钟,,,,,,,,,,,,,,,,
Brioche,Brioche,布里欧修,,,,,,,,,,,,,,,,
Brooklyn bridge,Brooklyn bridge,布鲁克林桥,,,,,,,,,,,,,,,,
Hilbert,Hilbert,希尔伯特曲线,,,,,,,,,,,,,,,,
Tent,Tent,帐篷,,,,,,,,,,,,,,,,
Anorak,Anorak,带风帽夹克,,,,,,,,,,,,,,,,
Hat,Hat,帽子,,,,,,,,,,,,,,,,
Limpet,Limpet,帽贝,,,,,,,,,,,,,,,,
Curtain,Curtain,幕墙,,,,,,,,,,,,,,,,
Arid,Arid,干旱地,,,,,,,,,,,,,,,,
Platform,Platform,平台桌,,,,,,,,,,,,,,,,
Tumbler,Tumbler,平底杯,,,,,,,,,,,,,,,,
Flats,Flats,平底鞋,,,,,,,,,,,,,,,,
Bungalow,Bungalow,平房,,,,,,,,,,,,,,,,
Plank yoga,Plank yoga,平板式,,,,,,,,,,,,,,,,
Planks,Planks,平板支撑,,,,,,,,,,,,,,,,
Paddle,Paddle,平板梳,,,,,,,,,,,,,,,,
Tablet,Tablet,平板电脑,,,,,,,,,,,,,,,,
Square knot,Square knot,平结,,,,,,,,,,,,,,,,
Boater,Boater,平顶草帽,,,,,,,,,,,,,,,,
Toddler,Toddler,幼儿,,,,,,,,,,,,,,,,
Cub,Cub,幼熊,,,,,,,,,,,,,,,,
Fawn,Fawn,幼鹿,,,,,,,,,,,,,,,,
Ghost,Ghost,幽灵,,,,,,,,,,,,,,,,
Claustro,Claustro,幽闭恐惧,,,,,,,,,,,,,,,,
Agora,Agora,广场恐惧,,,,,,,,,,,,,,,,
Manor,Manor,庄园,,,,,,,,,,,,,,,,
Bed,Bed,床,,,,,,,,,,,,,,,,
Mobile,Mobile,床铃,,,,,,,,,,,,,,,,
Undercut,Undercut,底层剪裁,,,,,,,,,,,,,,,,
Kick,Kick,底鼓,,,,,,,,,,,,,,,,
Seats,Seats,座位,,,,,,,,,,,,,,,,
Seat,Seat,座位,,,,,,,,,,,,,,,,
Clove pink,Clove pink,康乃馨,,,,,,,,,,,,,,,,
Builder,Builder,建筑工人,,,,,,,,,,,,,,,,
Switch,Switch,开关,,,,,,,,,,,,,,,,
Pistachio,Pistachio,开心果,,,,,,,,,,,,,,,,
Can opener,Can opener,开罐器,,,,,,,,,,,,,,,,
Cardigan,Cardigan,开衫,,,,,,,,,,,,,,,,
Opener,Opener,开门器,,,,,,,,,,,,,,,,
XOR,XOR,异或门,,,,,,,,,,,,,,,,
Bow,Bow,弓,,,,,,,,,,,,,,,,
Bow,Bow,弓弦,,,,,,,,,,,,,,,,
String,String,弓弦,,,,,,,,,,,,,,,,
Segment,Segment,弓形,,,,,,,,,,,,,,,,
Bow arrow,Bow arrow,弓箭,,,,,,,,,,,,,,,,
Pull-up,Pull-up,引体向上,,,,,,,,,,,,,,,,
Arc,Arc,弧,,,,,,,,,,,,,,,,
Crossbow,Crossbow,弩,,,,,,,,,,,,,,,,
Crossbow bolt,Crossbow bolt,弩箭,,,,,,,,,,,,,,,,
Cutlass,Cutlass,弯刀,,,,,,,,,,,,,,,,
Scimitar,Scimitar,弯刀,,,,,,,,,,,,,,,,
Falchion,Falchion,弯形剑,,,,,,,,,,,,,,,,
Comets,Comets,彗星,,,,,,,,,,,,,,,,
Comet,Comet,彗星,,,,,,,,,,,,,,,,
Shapes,Shapes,形状,,,,,,,,,,,,,,,,
Bunting,Bunting,彩旗,,,,,,,,,,,,,,,,
Lights,Lights,彩灯,,,,,,,,,,,,,,,,
Bauble,Bauble,彩球,,,,,,,,,,,,,,,,
Rainbow,Rainbow,彩虹,,,,,,,,,,,,,,,,
Lorikeet,Lorikeet,彩虹鹦鹉,,,,,,,,,,,,,,,,
Hiking boots,Hiking boots,徒步靴,,,,,,,,,,,,,,,,
Trail shoes,Trail shoes,徒步鞋,,,,,,,,,,,,,,,,
Smiling,Smiling,微笑,,,,,,,,,,,,,,,,
Smile,Smile,微笑,,,,,,,,,,,,,,,,
Delta,Delta,德尔塔,,,,,,,,,,,,,,,,
Derbies,Derbies,德比鞋,,,,,,,,,,,,,,,,
Badge,Badge,徽章,,,,,,,,,,,,,,,,
Heart,Heart,心,,,,,,,,,,,,,,,,
Heart organ,Heart organ,心脏,,,,,,,,,,,,,,,,
Heart,Heart,心脏,,,,,,,,,,,,,,,,
Heart chakras,Heart chakras,心轮,,,,,,,,,,,,,,,,
Joy,Joy,快乐,,,,,,,,,,,,,,,,
Quickdraw,Quickdraw,快挂,,,,,,,,,,,,,,,,
Shortcut,Shortcut,快捷方式,,,,,,,,,,,,,,,,
Rewind,Rewind,快退,,,,,,,,,,,,,,,,
Courier,Courier,快递员,,,,,,,,,,,,,,,,
Pocket watch,Pocket watch,怀表,,,,,,,,,,,,,,,,
Lovers,Lovers,恋人,,,,,,,,,,,,,,,,
Horror,Horror,恐怖片,,,,,,,,,,,,,,,,
Fear,Fear,恐惧,,,,,,,,,,,,,,,,
Stars,Stars,恒星,,,,,,,,,,,,,,,,
Demon,Demon,恶魔,,,,,,,,,,,,,,,,
Sydney bridge,Sydney bridge,悉尼海港大桥,,,,,,,,,,,,,,,,
Cliff,Cliff,悬崖,,,,,,,,,,,,,,,,
Suspension,Suspension,悬索桥,,,,,,,,,,,,,,,,
Sad,Sad,悲伤,,,,,,,,,,,,,,,,
Sadness,Sadness,悲伤,,,,,,,,,,,,,,,,
Surprise,Surprise,惊讶,,,,,,,,,,,,,,,,
Italy,Italy,意大利,,,,,,,,,,,,,,,,
Pasta,Pasta,意大利面,,,,,,,,,,,,,,,,
Ravioli,Ravioli,意大利饺子,,,,,,,,,,,,,,,,
Gnocchi,Gnocchi,意式团子,,,,,,,,,,,,,,,,
Espresso,Espresso,意式浓缩咖啡,,,,,,,,,,,,,,,,
Fool,Fool,愚者,,,,,,,,,,,,,,,,
Fool jester,Fool jester,愚者,,,,,,,,,,,,,,,,
Sensor,Sensor,感测器,,,,,,,,,,,,,,,,
Anger,Anger,愤怒,,,,,,,,,,,,,,,,
Angry,Angry,愤怒,,,,,,,,,,,,,,,,
Mousse,Mousse,慕斯,,,,,,,,,,,,,,,,
Gorgon,Gorgon,戈耳工,,,,,,,,,,,,,,,,
Adult,Adult,成年人,,,,,,,,,,,,,,,,
Ring,Ring,戒指,,,,,,,,,,,,,,,,
OR,OR,或门,,,,,,,,,,,,,,,,
NOR,NOR,或非门,,,,,,,,,,,,,,,,
Loot,Loot,战利品,,,,,,,,,,,,,,,,
Warrior yoga,Warrior yoga,战士式,,,,,,,,,,,,,,,,
Battle axe,Battle axe,战斧,,,,,,,,,,,,,,,,
Chariot,Chariot,战车,,,,,,,,,,,,,,,,
Halberd,Halberd,戟,,,,,,,,,,,,,,,,
House,House,房子,,,,,,,,,,,,,,,,
House door,House door,房门,,,,,,,,,,,,,,,,
Room,Room,房间,,,,,,,,,,,,,,,,
Sector,Sector,扇形,,,,,,,,,,,,,,,,
Scallop,Scallop,扇贝,,,,,,,,,,,,,,,,
Gesture,Gesture,手势,,,,,,,,,,,,,,,,
Gloves,Gloves,手套,,,,,,,,,,,,,,,,
Clutch bag,Clutch bag,手拿包,,,,,,,,,,,,,,,,
Finger,Finger,手指,,,,,,,,,,,,,,,,
Trolley,Trolley,手推车,,,,,,,,,,,,,,,,
Handbag,Handbag,手提包,,,,,,,,,,,,,,,,
Suitcase,Suitcase,手提箱,,,,,,,,,,,,,,,,
Case,Case,手提箱,,,,,,,,,,,,,,,,
Tote bag,Tote bag,手提袋,,,,,,,,,,,,,,,,
Handbell,Handbell,手摇铃,,,,,,,,,,,,,,,,
Phone,Phone,手机,,,,,,,,,,,,,,,,
Handgun,Handgun,手枪,,,,,,,,,,,,,,,,
Handle,Handle,手柄,,,,,,,,,,,,,,,,
Grenade,Grenade,手榴弹,,,,,,,,,,,,,,,,
Flashlight,Flashlight,手电筒,,,,,,,,,,,,,,,,
Wrist,Wrist,手腕,,,,,,,,,,,,,,,,
Watch,Watch,手表,,,,,,,,,,,,,,,,
Handbag,Handbag,手袋,,,,,,,,,,,,,,,,
Handcuff,Handcuff,手铐,,,,,,,,,,,,,,,,
Hand saw,Hand saw,手锯,,,,,,,,,,,,,,,,
Bracelet,Bracelet,手镯,,,,,,,,,,,,,,,,
Accordion,Accordion,手风琴,,,,,,,,,,,,,,,,
Poker,Poker,扑克,,,,,,,,,,,,,,,,
Poker chip,Poker chip,扑克筹码,,,,,,,,,,,,,,,,
Printer,Printer,打印机,,,,,,,,,,,,,,,,
Leggings,Leggings,打底裤,,,,,,,,,,,,,,,,
Opened,Opened,打开的,,,,,,,,,,,,,,,,
Bicycle pump,Bicycle pump,打气筒,,,,,,,,,,,,,,,,
Lighter,Lighter,打火机,,,,,,,,,,,,,,,,
Whisk,Whisk,打蛋器,,,,,,,,,,,,,,,,
Tony,Tony,托尼奖,,,,,,,,,,,,,,,,
Topaz,Topaz,托帕石,,,,,,,,,,,,,,,,
Tray,Tray,托盘,,,,,,,,,,,,,,,,
Robovac,Robovac,扫地机器人,,,,,,,,,,,,,,,,
Robot vacuum,Robot vacuum,扫地机器人,,,,,,,,,,,,,,,,
Floor cleaner,Floor cleaner,扫地机器人,,,,,,,,,,,,,,,,
Broom,Broom,扫帚,,,,,,,,,,,,,,,,
Scanner,Scanner,扫描器,,,,,,,,,,,,,,,,
Speaker,Speaker,扬声器,,,,,,,,,,,,,,,,
Wrench,Wrench,扳手,,,,,,,,,,,,,,,,
Buttress,Buttress,扶壁,,,,,,,,,,,,,,,,
Armrest,Armrest,扶手,,,,,,,,,,,,,,,,
Armchair,Armchair,扶手椅,,,,,,,,,,,,,,,,
Folding chair,Folding chair,折叠椅,,,,,,,,,,,,,,,,
Origami,Origami,折纸,,,,,,,,,,,,,,,,
Eclectus,Eclectus,折衷鹦鹉,,,,,,,,,,,,,,,,
Frigate,Frigate,护卫舰,,,,,,,,,,,,,,,,
Gorget,Gorget,护喉,,,,,,,,,,,,,,,,
Moat,Moat,护城河,,,,,,,,,,,,,,,,
Parapet,Parapet,护墙,,,,,,,,,,,,,,,,
Passport,Passport,护照,,,,,,,,,,,,,,,,
Passport,Passport,护照印章,,,,,,,,,,,,,,,,
Safety,Safety,护目镜,,,,,,,,,,,,,,,,
Work goggles,Work goggles,护目镜,,,,,,,,,,,,,,,,
Goggles,Goggles,护目镜,,,,,,,,,,,,,,,,
Talisman,Talisman,护身符,,,,,,,,,,,,,,,,
Amulet,Amulet,护身符,,,,,,,,,,,,,,,,
Mouthguard,Mouthguard,护齿,,,,,,,,,,,,,,,,
Banshee,Banshee,报丧女妖,,,,,,,,,,,,,,,,
Primrose,Primrose,报春花,,,,,,,,,,,,,,,,
Newspaper,Newspaper,报纸,,,,,,,,,,,,,,,,
Pizza,Pizza,披萨,,,,,,,,,,,,,,,,
Pizza cutter,Pizza cutter,披萨刀,,,,,,,,,,,,,,,,
Cloth,Cloth,抹布,,,,,,,,,,,,,,,,
Abstract,Abstract,抽象图案,,,,,,,,,,,,,,,,
Lachesis,Lachesis,拉克西斯,,,,,,,,,,,,,,,,
Rally,Rally,拉力赛,,,,,,,,,,,,,,,,
Lambda,Lambda,拉姆达,,,,,,,,,,,,,,,,
Labrador,Labrador,拉布拉多犬,,,,,,,,,,,,,,,,
Raph,Raph,拉斐尔,,,,,,,,,,,,,,,,
Latte art,Latte art,拉花,,,,,,,,,,,,,,,,
Zipper,Zipper,拉链,,,,,,,,,,,,,,,,
Ramen,Ramen,拉面,,,,,,,,,,,,,,,,
Mop,Mop,拖把,,,,,,,,,,,,,,,,
Tractor,Tractor,拖拉机,,,,,,,,,,,,,,,,
Trailer,Trailer,拖车,,,,,,,,,,,,,,,,
Slipper,Slipper,拖鞋,,,,,,,,,,,,,,,,
Slippers,Slippers,拖鞋,,,,,,,,,,,,,,,,
Maneki-neko,Maneki-neko,招财猫,,,,,,,,,,,,,,,,
Arch,Arch,拱桥,,,,,,,,,,,,,,,,
Arch,Arch,拱门,,,,,,,,,,,,,,,,
Archtop,Archtop,拱面吉他,,,,,,,,,,,,,,,,
Vault,Vault,拱顶,,,,,,,,,,,,,,,,
Boxing,Boxing,拳击,,,,,,,,,,,,,,,,
Puzzle,Puzzle,拼图,,,,,,,,,,,,,,,,
Jigsaw,Jigsaw,拼图,,,,,,,,,,,,,,,,
Scrabble,Scrabble,拼字游戏,,,,,,,,,,,,,,,,
Collage,Collage,拼贴画,,,,,,,,,,,,,,,,
Latte,Latte,拿铁,,,,,,,,,,,,,,,,
Tapestry,Tapestry,挂毯,,,,,,,,,,,,,,,,
Padlock,Padlock,挂锁,,,,,,,,,,,,,,,,
Compass,Compass,指南针,,,,,,,,,,,,,,,,
Spinner,Spinner,指尖陀螺,,,,,,,,,,,,,,,,
Nail polish,Nail polish,指甲油,,,,,,,,,,,,,,,,
Polish,Polish,指甲油,,,,,,,,,,,,,,,,
Nail file,Nail file,指甲锉,,,,,,,,,,,,,,,,
Pointer,Pointer,指针,,,,,,,,,,,,,,,,
Button,Button,按钮,,,,,,,,,,,,,,,,
Pick,Pick,挑梳,,,,,,,,,,,,,,,,
Tart,Tart,挞,,,,,,,,,,,,,,,,
Waving,Waving,挥旗,,,,,,,,,,,,,,,,
Squish,Squish,捏捏乐,,,,,,,,,,,,,,,,
Diwali,Diwali,排灯节,,,,,,,,,,,,,,,,
Console,Console,控制台,,,,,,,,,,,,,,,,
Control,Control,控制键,,,,,,,,,,,,,,,,
Tiramisu,Tiramisu,提拉米苏,,,,,,,,,,,,,,,,
Plug,Plug,插头,,,,,,,,,,,,,,,,
Nigiri,Nigiri,握寿司,,,,,,,,,,,,,,,,
Blender,Blender,搅拌机,,,,,,,,,,,,,,,,
Search,Search,搜索,,,,,,,,,,,,,,,,
Pendulum,Pendulum,摆钟,,,,,,,,,,,,,,,,
Rocking chair,Rocking chair,摇椅,,,,,,,,,,,,,,,,
Rattle,Rattle,摇铃,,,,,,,,,,,,,,,,
Savasana,Savasana,摊尸式,,,,,,,,,,,,,,,,
Fall,Fall,摔倒,,,,,,,,,,,,,,,,
Skyscraper,Skyscraper,摩天楼,,,,,,,,,,,,,,,,
Ferris,Ferris,摩天轮,,,,,,,,,,,,,,,,
Motorbike,Motorbike,摩托车,,,,,,,,,,,,,,,,
Motorcycle,Motorcycle,摩托车,,,,,,,,,,,,,,,,
Play,Play,播放,,,,,,,,,,,,,,,,
Play button,Play button,播放按钮,,,,,,,,,,,,,,,,
Climbing,Climbing,攀岩,,,,,,,,,,,,,,,,
Climb,Climb,攀爬,,,,,,,,,,,,,,,,
Jungle gym,Jungle gym,攀爬架,,,,,,,,,,,,,,,,
Tolasana,Tolasana,支撑式,,,,,,,,,,,,,,,,
Inbox,Inbox,收件箱,,,,,,,,,,,,,,,,
Register,Register,收银机,,,,,,,,,,,,,,,,
Radio,Radio,收音机,,,,,,,,,,,,,,,,
Magnifier,Magnifier,放大镜,,,,,,,,,,,,,,,,
Radioactive,Radioactive,放射性,,,,,,,,,,,,,,,,
Ambulance,Ambulance,救护车,,,,,,,,,,,,,,,,
Lifebuoy,Lifebuoy,救生圈,,,,,,,,,,,,,,,,
Life vest,Life vest,救生衣,,,,,,,,,,,,,,,,
Life jacket,Life jacket,救生衣,,,,,,,,,,,,,,,,
Church,Church,教堂,,,,,,,,,,,,,,,,
Classroom,Classroom,教室,,,,,,,,,,,,,,,,
Textbooks,Textbooks,教科书,,,,,,,,,,,,,,,,
Textbook,Textbook,教科书,,,,,,,,,,,,,,,,
Pointer,Pointer,教鞭,,,,,,,,,,,,,,,,
Convertible,Convertible,敞篷车,,,,,,,,,,,,,,,,
Cabriolet,Cabriolet,敞篷车,,,,,,,,,,,,,,,,
Digital,Digital,数字钟,,,,,,,,,,,,,,,,
MUX,MUX,数据选择器,,,,,,,,,,,,,,,,
Sudoku,Sudoku,数独,,,,,,,,,,,,,,,,
Digital camera,Digital camera,数码相机,,,,,,,,,,,,,,,,
Nonogram,Nonogram,数织,,,,,,,,,,,,,,,,
Kakuro,Kakuro,数谜,,,,,,,,,,,,,,,,
Stationery,Stationery,文具,,,,,,,,,,,,,,,,
Dalmatian,Dalmatian,斑点狗,,,,,,,,,,,,,,,,
Pinto,Pinto,斑豆,,,,,,,,,,,,,,,,
Zebra,Zebra,斑马,,,,,,,,,,,,,,,,
Bulldog,Bulldog,斗牛犬,,,,,,,,,,,,,,,,
Mantle cloth,Mantle cloth,斗篷,,,,,,,,,,,,,,,,
Poncho,Poncho,斗篷,,,,,,,,,,,,,,,,
Cloak,Cloak,斗篷,,,,,,,,,,,,,,,,
Mixer,Mixer,料理机,,,,,,,,,,,,,,,,
Slope,Slope,斜坡,,,,,,,,,,,,,,,,
Cable-stayed,Cable-stayed,斜拉桥,,,,,,,,,,,,,,,,
Helical,Helical,斜齿轮,,,,,,,,,,,,,,,,
Axe,Axe,斧,,,,,,,,,,,,,,,,
Axe tool,Axe tool,斧头,,,,,,,,,,,,,,,,
Spelt cereal,Spelt cereal,斯佩尔特小麦,,,,,,,,,,,,,,,,
Sphinx,Sphinx,斯芬克斯,,,,,,,,,,,,,,,,
Newborn,Newborn,新生儿,,,,,,,,,,,,,,,,
Driving wheel,Driving wheel,方向盘,,,,,,,,,,,,,,,,
Diamonds,Diamonds,方块,,,,,,,,,,,,,,,,
Obelisk,Obelisk,方尖碑,,,,,,,,,,,,,,,,
Gingham,Gingham,方格,,,,,,,,,,,,,,,,
Checkered,Checkered,方格旗,,,,,,,,,,,,,,,,
Gingham,Gingham,方格纹,,,,,,,,,,,,,,,,
Sugar cubes,Sugar cubes,方糖,,,,,,,,,,,,,,,,
Travel trunk,Travel trunk,旅行箱,,,,,,,,,,,,,,,,
Carousel,Carousel,旋转木马,,,,,,,,,,,,,,,,
Galloper,Galloper,旋转木马,,,,,,,,,,,,,,,,
Whirl,Whirl,旋风,,,,,,,,,,,,,,,,
Flag,Flag,旗帜,,,,,,,,,,,,,,,,
Flagman,Flagman,旗手,,,,,,,,,,,,,,,,
Flagpole,Flagpole,旗杆,,,,,,,,,,,,,,,,
Drone,Drone,无人机,,,,,,,,,,,,,,,,
Beanie,Beanie,无檐便帽,,,,,,,,,,,,,,,,
Infinity,Infinity,无穷大,,,,,,,,,,,,,,,,
Fig,Fig,无花果,,,,,,,,,,,,,,,,
Trolley bus,Trolley bus,无轨电车,,,,,,,,,,,,,,,,
Yen,Yen,日元,,,,,,,,,,,,,,,,
Sunrise,Sunrise,日出,,,,,,,,,,,,,,,,
Sundial,Sundial,日晷,,,,,,,,,,,,,,,,
Japan,Japan,日本,,,,,,,,,,,,,,,,
Japan flag,Japan flag,日本国旗,,,,,,,,,,,,,,,,
Sunset,Sunset,日落,,,,,,,,,,,,,,,,
Morning,Morning,早晨,,,,,,,,,,,,,,,,
Fashion,Fashion,时尚帽,,,,,,,,,,,,,,,,
Clocks,Clocks,时钟,,,,,,,,,,,,,,,,
Clock,Clock,时钟,,,,,,,,,,,,,,,,
Time,Time,时间,,,,,,,,,,,,,,,,
Insect,Insect,昆虫,,,,,,,,,,,,,,,,
Postcard,Postcard,明信片,,,,,,,,,,,,,,,,
Flammable,Flammable,易燃,,,,,,,,,,,,,,,,
Star shape,Star shape,星形,,,,,,,,,,,,,,,,
Star icon,Star icon,星星图示,,,,,,,,,,,,,,,,
Star,Star,星章,,,,,,,,,,,,,,,,
Galaxy,Galaxy,星系,,,,,,,,,,,,,,,,
Spring,Spring,春季,,,,,,,,,,,,,,,,
Microscope,Microscope,显微镜,,,,,,,,,,,,,,,,
Monitor,Monitor,显示器,,,,,,,,,,,,,,,,
Display,Display,显示器,,,,,,,,,,,,,,,,
Prusik,Prusik,普鲁士结,,,,,,,,,,,,,,,,
Chile flag,Chile flag,智利国旗,,,,,,,,,,,,,,,,
Smartphone,Smartphone,智能手机,,,,,,,,,,,,,,,,
Smartwatch,Smartwatch,智能手表,,,,,,,,,,,,,,,,
Lighting,Lighting,智能照明,,,,,,,,,,,,,,,,
Smart lock,Smart lock,智能锁,,,,,,,,,,,,,,,,
Doorbell,Doorbell,智能门铃,,,,,,,,,,,,,,,,
Pause,Pause,暂停,,,,,,,,,,,,,,,,
Pause button,Pause button,暂停按钮,,,,,,,,,,,,,,,,
Dark area,Dark area,暗处,,,,,,,,,,,,,,,,
Twilight,Twilight,暮光,,,,,,,,,,,,,,,,
Cookie,Cookie,曲奇,,,,,,,,,,,,,,,,
Hockey,Hockey,曲棍球,,,,,,,,,,,,,,,,
Addax,Addax,曲角羚,,,,,,,,,,,,,,,,
Retort,Retort,曲颈瓶,,,,,,,,,,,,,,,,
Mandolin,Mandolin,曼陀林,,,,,,,,,,,,,,,,
Moon,Moon,月亮,,,,,,,,,,,,,,,,
Bay leaf,Bay leaf,月桂叶,,,,,,,,,,,,,,,,
Organic,Organic,有机垃圾,,,,,,,,,,,,,,,,
Toxic,Toxic,有毒,,,,,,,,,,,,,,,,
Tramcar,Tramcar,有轨电车,,,,,,,,,,,,,,,,
Tram,Tram,有轨电车,,,,,,,,,,,,,,,,
Waiter,Waiter,服务员,,,,,,,,,,,,,,,,
Rum,Rum,朗姆酒,,,,,,,,,,,,,,,,
Telescope,Telescope,望远镜,,,,,,,,,,,,,,,,
Puppetry,Puppetry,木偶戏,,,,,,,,,,,,,,,,
Clog,Clog,木屐,,,,,,,,,,,,,,,,
Jupiter,Jupiter,木星,,,,,,,,,,,,,,,,
Wooden,Wooden,木杆,,,,,,,,,,,,,,,,
Plank,Plank,木板,,,,,,,,,,,,,,,,
Papaya,Papaya,木瓜,,,,,,,,,,,,,,,,
Peg leg,Peg leg,木腿,,,,,,,,,,,,,,,,
Wooden leg,Wooden leg,木腿,,,,,,,,,,,,,,,,
Clogs,Clogs,木鞋,,,,,,,,,,,,,,,,
Bunsen,Bunsen,本生灯,,,,,,,,,,,,,,,,
Bunyip,Bunyip,本耶普,,,,,,,,,,,,,,,,
Robot dog,Robot dog,机器狗,,,,,,,,,,,,,,,,
Airport,Airport,机场,,,,,,,,,,,,,,,,
Robotic arm,Robotic arm,机械臂,,,,,,,,,,,,,,,,
Magazine,Magazine,杂志,,,,,,,,,,,,,,,,
Acrobat,Acrobat,杂技演员,,,,,,,,,,,,,,,,
Juggler,Juggler,杂耍演员,,,,,,,,,,,,,,,,
Sceptre,Sceptre,权杖,,,,,,,,,,,,,,,,
Rod,Rod,杆,,,,,,,,,,,,,,,,
Fir-tree,Fir-tree,杉树,,,,,,,,,,,,,,,,
Plum,Plum,李子,,,,,,,,,,,,,,,,
Apricot,Apricot,杏,,,,,,,,,,,,,,,,
Almonds,Almonds,杏仁,,,,,,,,,,,,,,,,
Almond,Almond,杏仁奶,,,,,,,,,,,,,,,,
Village,Village,村庄,,,,,,,,,,,,,,,,
Tunic,Tunic,束腰外衣,,,,,,,,,,,,,,,,
Corset,Corset,束身衣,,,,,,,,,,,,,,,,
Barbell,Barbell,杠铃,,,,,,,,,,,,,,,,
Barrette,Barrette,条形发夹,,,,,,,,,,,,,,,,
Barcode,Barcode,条码,,,,,,,,,,,,,,,,
Stripe,Stripe,条纹,,,,,,,,,,,,,,,,
Stripes,Stripes,条纹,,,,,,,,,,,,,,,,
Stripes marble,Stripes marble,条纹弹珠,,,,,,,,,,,,,,,,
Poplar,Poplar,杨树叶,,,,,,,,,,,,,,,,
Cup,Cup,杯子,,,,,,,,,,,,,,,,
Jacks,Jacks,杰克,,,,,,,,,,,,,,,,
Truffle,Truffle,松露,,,,,,,,,,,,,,,,
Squirrel,Squirrel,松鼠,,,,,,,,,,,,,,,,
Slate,Slate,板岩,,,,,,,,,,,,,,,,
Crate,Crate,板条箱,,,,,,,,,,,,,,,,
Cricket,Cricket,板球,,,,,,,,,,,,,,,,
Aurora,Aurora,极光,,,,,,,,,,,,,,,,
Loquat,Loquat,枇杷,,,,,,,,,,,,,,,,
Pillows,Pillows,枕头,,,,,,,,,,,,,,,,
Praline,Praline,果仁糖,,,,,,,,,,,,,,,,
Jelly,Jelly,果冻,,,,,,,,,,,,,,,,
Juice,Juice,果汁,,,,,,,,,,,,,,,,
Puree,Puree,果泥,,,,,,,,,,,,,,,,
Strudel,Strudel,果馅卷,,,,,,,,,,,,,,,,
Chandelier,Chandelier,枝形吊灯,,,,,,,,,,,,,,,,
Gun,Gun,枪,,,,,,,,,,,,,,,,
Maple leaf,Maple leaf,枫叶,,,,,,,,,,,,,,,,
Maple,Maple,枫叶,,,,,,,,,,,,,,,,
Maple,Maple,枫树,,,,,,,,,,,,,,,,
Maple tree,Maple tree,枫树,,,,,,,,,,,,,,,,
Syrup,Syrup,枫糖浆,,,,,,,,,,,,,,,,
Softbox,Softbox,柔光箱,,,,,,,,,,,,,,,,
Pomelo,Pomelo,柚子,,,,,,,,,,,,,,,,
Counter,Counter,柜台,,,,,,,,,,,,,,,,
Lemon,Lemon,柠檬,,,,,,,,,,,,,,,,
Lemonade,Lemonade,柠檬水,,,,,,,,,,,,,,,,
Collie,Collie,柯利犬,,,,,,,,,,,,,,,,
Corgi,Corgi,柯基犬,,,,,,,,,,,,,,,,
Pole,Pole,柱,,,,,,,,,,,,,,,,
Spar,Spar,柱形浮标,,,,,,,,,,,,,,,,
Orange,Orange,柳丁,,,,,,,,,,,,,,,,
Orange tree,Orange tree,柳丁树,,,,,,,,,,,,,,,,
Orange slices,Orange slices,柳丁瓣,,,,,,,,,,,,,,,,
Orange peels,Orange peels,柳丁皮,,,,,,,,,,,,,,,,
Fence,Fence,栅栏,,,,,,,,,,,,,,,,
Collar,Collar,标准领,,,,,,,,,,,,,,,,
Tags,Tags,标签,,,,,,,,,,,,,,,,
Mark,Mark,标记,,,,,,,,,,,,,,,,
Rails,Rails,栏杆,,,,,,,,,,,,,,,,
Tree,Tree,树,,,,,,,,,,,,,,,,
Leaves,Leaves,树叶,,,,,,,,,,,,,,,,
Trunk,Trunk,树干,,,,,,,,,,,,,,,,
Tree yoga,Tree yoga,树式,,,,,,,,,,,,,,,,
Sloth,Sloth,树懒,,,,,,,,,,,,,,,,
Branch,Branch,树枝,,,,,,,,,,,,,,,,
Hedge,Hedge,树篱,,,,,,,,,,,,,,,,
Raspberry,Raspberry,树莓,,,,,,,,,,,,,,,,
Tree frog,Tree frog,树蛙,,,,,,,,,,,,,,,,
Tree boa,Tree boa,树蟒,,,,,,,,,,,,,,,,
Chestnut,Chestnut,栗树叶,,,,,,,,,,,,,,,,
Maroon,Maroon,栗色,,,,,,,,,,,,,,,,
School building,School building,校舍,,,,,,,,,,,,,,,,
Walnut,Walnut,核桃,,,,,,,,,,,,,,,,
Root,Root,根,,,,,,,,,,,,,,,,
Root chakras,Root chakras,根脉轮,,,,,,,,,,,,,,,,
Plaid,Plaid,格子,,,,,,,,,,,,,,,,
Tartan,Tartan,格子,,,,,,,,,,,,,,,,
Tartan,Tartan,格子纹,,,,,,,,,,,,,,,,
Quetzal,Quetzal,格查尔鸟,,,,,,,,,,,,,,,,
Grammy,Grammy,格莱美奖,,,,,,,,,,,,,,,,
Truss,Truss,桁架桥,,,,,,,,,,,,,,,,
Laurel,Laurel,桂冠,,,,,,,,,,,,,,,,
Peach,Peach,桃,,,,,,,,,,,,,,,,
Peach,Peach,桃子,,,,,,,,,,,,,,,,
Peaches,Peaches,桃子,,,,,,,,,,,,,,,,
Peach tree,Peach tree,桃树,,,,,,,,,,,,,,,,
Table,Table,桌子,,,,,,,,,,,,,,,,
Files,Files,档,,,,,,,,,,,,,,,,
Folders,Folders,档夹,,,,,,,,,,,,,,,,
Folder,Folder,档夹,,,,,,,,,,,,,,,,
Bridge yoga,Bridge yoga,桥式,,,,,,,,,,,,,,,,
Bridge,Bridge,桥梁,,,,,,,,,,,,,,,,
Birch,Birch,桦树,,,,,,,,,,,,,,,,
Chaga,Chaga,桦褐孔菌,,,,,,,,,,,,,,,,
Beam bridge,Beam bridge,梁桥,,,,,,,,,,,,,,,,
Clubs,Clubs,梅花,,,,,,,,,,,,,,,,
Spanner,Spanner,梅花扳手,,,,,,,,,,,,,,,,
Terrier,Terrier,梗犬,,,,,,,,,,,,,,,,
Sleepwalker,Sleepwalker,梦游者,,,,,,,,,,,,,,,,
Pear,Pear,梨,,,,,,,,,,,,,,,,
Pear tree,Pear tree,梨树,,,,,,,,,,,,,,,,
Ladder,Ladder,梯子,,,,,,,,,,,,,,,,
Dresser,Dresser,梳妆台,,,,,,,,,,,,,,,,
Comb,Comb,梳子,,,,,,,,,,,,,,,,
Groom,Groom,梳理,,,,,,,,,,,,,,,,
Swabs,Swabs,棉签,,,,,,,,,,,,,,,,
Rope,Rope,棉绳,,,,,,,,,,,,,,,,
Cotton,Cotton,棉花,,,,,,,,,,,,,,,,
Chessboard,Chessboard,棋盘,,,,,,,,,,,,,,,,
Checker,Checker,棋盘格,,,,,,,,,,,,,,,,
Lollipop,Lollipop,棒棒糖,,,,,,,,,,,,,,,,
Baseball,Baseball,棒球,,,,,,,,,,,,,,,,
Palm,Palm,棕榈,,,,,,,,,,,,,,,,
Palm,Palm,棕榈叶,,,,,,,,,,,,,,,,
Palm,Palm,棕榈树,,,,,,,,,,,,,,,,
Palm tree,Palm tree,棕榈树,,,,,,,,,,,,,,,,
Ratchet,Ratchet,棘轮,,,,,,,,,,,,,,,,
Forest,Forest,森林,,,,,,,,,,,,,,,,
Prism shape,Prism shape,棱柱形,,,,,,,,,,,,,,,,
Prism,Prism,棱镜,,,,,,,,,,,,,,,,
Prism orb,Prism orb,棱镜球,,,,,,,,,,,,,,,,
Coffin,Coffin,棺材,,,,,,,,,,,,,,,,
Chair,Chair,椅子,,,,,,,,,,,,,,,,
Plant,Plant,植物,,,,,,,,,,,,,,,,
Pretzel,Pretzel,椒盐卷饼,,,,,,,,,,,,,,,,
Ellipse,Ellipse,椭圆,,,,,,,,,,,,,,,,
Oval,Oval,椭圆形,,,,,,,,,,,,,,,,
Elliptic,Elliptic,椭圆星系,,,,,,,,,,,,,,,,
Elliptic,Elliptic,椭圆轨道,,,,,,,,,,,,,,,,
Coconut,Coconut,椰奶,,,,,,,,,,,,,,,,
Coconut,Coconut,椰子,,,,,,,,,,,,,,,,
Dates,Dates,椰枣,,,,,,,,,,,,,,,,
Coconut,Coconut,椰蓉,,,,,,,,,,,,,,,,
Quince,Quince,榅桲,,,,,,,,,,,,,,,,
Hazelnut,Hazelnut,榛子,,,,,,,,,,,,,,,,
Durian,Durian,榴莲,,,,,,,,,,,,,,,,
Analog,Analog,模拟钟,,,,,,,,,,,,,,,,
Model,Model,模特,,,,,,,,,,,,,,,,
Fife,Fife,横笛,,,,,,,,,,,,,,,,
Cherry,Cherry,樱桃,,,,,,,,,,,,,,,,
Cherry tree,Cherry tree,樱桃树,,,,,,,,,,,,,,,,
Sakura,Sakura,樱花,,,,,,,,,,,,,,,,
Olives,Olives,橄榄,,,,,,,,,,,,,,,,
Olive,Olive,橄榄,,,,,,,,,,,,,,,,
Olive branch,Olive branch,橄榄枝,,,,,,,,,,,,,,,,
Oil,Oil,橄榄油,,,,,,,,,,,,,,,,
Rugby,Rugby,橄榄球,,,,,,,,,,,,,,,,
Rugby ball,Rugby ball,橄榄球,,,,,,,,,,,,,,,,
Olive hue,Olive hue,橄榄色,,,,,,,,,,,,,,,,
Orange juice,Orange juice,橙汁,,,,,,,,,,,,,,,,
Oak,Oak,橡树叶,,,,,,,,,,,,,,,,
Eraser,Eraser,橡皮,,,,,,,,,,,,,,,,
Rubber,Rubber,橡皮图章,,,,,,,,,,,,,,,,
Rubber duck,Rubber duck,橡皮鸭,,,,,,,,,,,,,,,,
Cupboard,Cupboard,橱柜,,,,,,,,,,,,,,,,
Euro,Euro,欧元,,,,,,,,,,,,,,,,
Europe,Europe,欧洲,,,,,,,,,,,,,,,,
Parsnip,Parsnip,欧洲萝卜,,,,,,,,,,,,,,,,
Parsley,Parsley,欧芹,,,,,,,,,,,,,,,,
Singing,Singing,歌唱,,,,,,,,,,,,,,,,
Kabuki,Kabuki,歌舞伎面具,,,,,,,,,,,,,,,,
Justice,Justice,正义,,,,,,,,,,,,,,,,
Square,Square,正方形,,,,,,,,,,,,,,,,
Carabus,Carabus,步甲,,,,,,,,,,,,,,,,
Carabid,Carabid,步行虫,,,,,,,,,,,,,,,,
Katana,Katana,武士刀,,,,,,,,,,,,,,,,
Deadbolt,Deadbolt,死栓,,,,,,,,,,,,,,,,
Sow,Sow,母猪,,,,,,,,,,,,,,,,
Venom,Venom,毒液,,,,,,,,,,,,,,,,
Toxin,Toxin,毒素,,,,,,,,,,,,,,,,
Viper,Viper,毒蛇,,,,,,,,,,,,,,,,
Amanita,Amanita,毒鹅膏,,,,,,,,,,,,,,,,
Amanita,Amanita,毒鹅膏菌,,,,,,,,,,,,,,,,
Score,Score,比分,,,,,,,,,,,,,,,,
Beagle,Beagle,比格犬,,,,,,,,,,,,,,,,
Peso,Peso,比索,,,,,,,,,,,,,,,,
Pisa,Pisa,比萨斜塔,,,,,,,,,,,,,,,,
Diploma,Diploma,毕业证书,,,,,,,,,,,,,,,,
Towel,Towel,毛巾,,,,,,,,,,,,,,,,
Towels,Towels,毛巾,,,,,,,,,,,,,,,,
Towel rack,Towel rack,毛巾架,,,,,,,,,,,,,,,,
Yarn ball,Yarn ball,毛线球,,,,,,,,,,,,,,,,
Plushie,Plushie,毛绒玩具,,,,,,,,,,,,,,,,
Sweater,Sweater,毛衣,,,,,,,,,,,,,,,,
Edamame,Edamame,毛豆,,,,,,,,,,,,,,,,
Blanket,Blanket,毯子,,,,,,,,,,,,,,,,
Bubble,Bubble,气泡,,,,,,,,,,,,,,,,
Balloons,Balloons,气球,,,,,,,,,,,,,,,,
Balloon,Balloon,气球,,,,,,,,,,,,,,,,
Balloon circle,Balloon circle,气球圈,,,,,,,,,,,,,,,,
Hydrogen,Hydrogen,氢,,,,,,,,,,,,,,,,
Oxygen,Oxygen,氧,,,,,,,,,,,,,,,,
Nitrogen,Nitrogen,氮,,,,,,,,,,,,,,,,
NaCl,NaCl,氯化钠,,,,,,,,,,,,,,,,
Water,Water,水,,,,,,,,,,,,,,,,
H2O,H2O,水,,,,,,,,,,,,,,,,
Daffodil,Daffodil,水仙花,,,,,,,,,,,,,,,,
Puddle,Puddle,水坑,,,,,,,,,,,,,,,,
Kettle,Kettle,水壶,,,,,,,,,,,,,,,,
Sailor,Sailor,水手,,,,,,,,,,,,,,,,
Aquarium,Aquarium,水族箱,,,,,,,,,,,,,,,,
Mercury,Mercury,水星,,,,,,,,,,,,,,,,
Crystal ball,Crystal ball,水晶球,,,,,,,,,,,,,,,,
Crystal,Crystal,水晶球,,,,,,,,,,,,,,,,
Fruits,Fruits,水果,,,,,,,,,,,,,,,,
Bucket,Bucket,水桶,,,,,,,,,,,,,,,,
Sink,Sink,水槽,,,,,,,,,,,,,,,,
Jellyfish,Jellyfish,水母,,,,,,,,,,,,,,,,
Buffalo,Buffalo,水牛,,,,,,,,,,,,,,,,
Otter,Otter,水獭,,,,,,,,,,,,,,,,
Water bottle,Water bottle,水瓶,,,,,,,,,,,,,,,,
Plumber,Plumber,水管工,,,,,,,,,,,,,,,,
Capybara,Capybara,水豚,,,,,,,,,,,,,,,,
Kelpie,Kelpie,水鬼马,,,,,,,,,,,,,,,,
Water tap,Water tap,水龙头,,,,,,,,,,,,,,,,
Spigot,Spigot,水龙头,,,,,,,,,,,,,,,,
Burger,Burger,汉堡,,,,,,,,,,,,,,,,
Sweat,Sweat,汗水,,,,,,,,,,,,,,,,
Soup,Soup,汤,,,,,,,,,,,,,,,,
Ladle,Ladle,汤勺,,,,,,,,,,,,,,,,
Gasoline,Gasoline,汽油,,,,,,,,,,,,,,,,
Car,Car,汽车,,,,,,,,,,,,,,,,
Car pedal,Car pedal,汽车踏板,,,,,,,,,,,,,,,,
Shipwreck,Shipwreck,沉船,,,,,,,,,,,,,,,,
Body wash,Body wash,沐浴露,,,,,,,,,,,,,,,,
Sardine,Sardine,沙丁鱼,,,,,,,,,,,,,,,,
Dunes,Dunes,沙丘,,,,,,,,,,,,,,,,
Sand,Sand,沙丘,,,,,,,,,,,,,,,,
Dune,Dune,沙丘,,,,,,,,,,,,,,,,
Sofa,Sofa,沙发,,,,,,,,,,,,,,,,
Sandbox,Sandbox,沙坑,,,,,,,,,,,,,,,,
Shawarma,Shawarma,沙威玛,,,,,,,,,,,,,,,,
Sand,Sand,沙子,,,,,,,,,,,,,,,,
Salad,Salad,沙拉,,,,,,,,,,,,,,,,
Falafel,Falafel,沙拉三明治,,,,,,,,,,,,,,,,
Sandsea,Sandsea,沙海,,,,,,,,,,,,,,,,
Beach umbrella,Beach umbrella,沙滩伞,,,,,,,,,,,,,,,,
Beach ball,Beach ball,沙滩球,,,,,,,,,,,,,,,,
Desert,Desert,沙漠,,,,,,,,,,,,,,,,
Shar Pei,Shar Pei,沙皮犬,,,,,,,,,,,,,,,,
Gerbil,Gerbil,沙鼠,,,,,,,,,,,,,,,,
Beaver,Beaver,河狸,,,,,,,,,,,,,,,,
Hippo,Hippo,河马,,,,,,,,,,,,,,,,
Oil,Oil,油,,,,,,,,,,,,,,,,
Paint,Paint,油漆,,,,,,,,,,,,,,,,
Paint,Paint,油漆滚筒,,,,,,,,,,,,,,,,
Oil lamp,Oil lamp,油灯,,,,,,,,,,,,,,,,
Pastry,Pastry,油酥面团,,,,,,,,,,,,,,,,
Wharf,Wharf,泊位,,,,,,,,,,,,,,,,
France,France,法国,,,,,,,,,,,,,,,,
Kepi,Kepi,法国军帽,,,,,,,,,,,,,,,,
France flag,France flag,法国国旗,,,,,,,,,,,,,,,,
Judge,Judge,法官,,,,,,,,,,,,,,,,
Judge's wig,Judge's wig,法官假发,,,,,,,,,,,,,,,,
Falcata,Falcata,法尔卡塔剑,,,,,,,,,,,,,,,,
Quiche,Quiche,法式咸派,,,,,,,,,,,,,,,,
Baguette,Baguette,法棍,,,,,,,,,,,,,,,,
Pharaoh,Pharaoh,法老,,,,,,,,,,,,,,,,
Franc,Franc,法郎,,,,,,,,,,,,,,,,
Foam,Foam,泡沫,,,,,,,,,,,,,,,,
Foam,Foam,泡沫滚筒,,,,,,,,,,,,,,,,
Pop it,Pop it,泡泡纸,,,,,,,,,,,,,,,,
Bob,Bob,波波头,,,,,,,,,,,,,,,,
Waves,Waves,波浪,,,,,,,,,,,,,,,,
Wavy,Wavy,波浪发,,,,,,,,,,,,,,,,
Wavy pattern,Wavy pattern,波浪纹,,,,,,,,,,,,,,,,
Polka dot,Polka dot,波点,,,,,,,,,,,,,,,,
Polka,Polka,波点,,,,,,,,,,,,,,,,
Peat,Peat,泥炭,,,,,,,,,,,,,,,,
Taiga,Taiga,泰加林,,,,,,,,,,,,,,,,
Teddy bear,Teddy bear,泰迪熊,,,,,,,,,,,,,,,,
Swim cap,Swim cap,泳帽,,,,,,,,,,,,,,,,
Swimsuit,Swimsuit,泳衣,,,,,,,,,,,,,,,,
Swim goggles,Swim goggles,泳镜,,,,,,,,,,,,,,,,
Zeta,Zeta,泽塔,,,,,,,,,,,,,,,,
Chamomile,Chamomile,洋甘菊,,,,,,,,,,,,,,,,
Magenta hue,Magenta hue,洋红色,,,,,,,,,,,,,,,,
Magenta,Magenta,洋红色,,,,,,,,,,,,,,,,
Onion,Onion,洋葱,,,,,,,,,,,,,,,,
Sprinkler,Sprinkler,洒水器,,,,,,,,,,,,,,,,
Shampoo,Shampoo,洗发水,,,,,,,,,,,,,,,,
Washing,Washing,洗涤,,,,,,,,,,,,,,,,
Parka,Parka,派克大衣,,,,,,,,,,,,,,,,
Party,Party,派对,,,,,,,,,,,,,,,,
Party hat,Party hat,派对帽,,,,,,,,,,,,,,,,
Party emoji,Party emoji,派对表情,,,,,,,,,,,,,,,,
Meteor,Meteor,流星,,,,,,,,,,,,,,,,
Berries,Berries,浆果,,,,,,,,,,,,,,,,
Topping,Topping,浇头,,,,,,,,,,,,,,,,
Watering,Watering,浇水,,,,,,,,,,,,,,,,
Tests,Tests,测验,,,,,,,,,,,,,,,,
Raccoon,Raccoon,浣熊,,,,,,,,,,,,,,,,
Racoon track,Racoon track,浣熊的足迹,,,,,,,,,,,,,,,,
Buoy,Buoy,浮标,,,,,,,,,,,,,,,,
Bath brush,Bath brush,浴刷,,,,,,,,,,,,,,,,
Bathroom,Bathroom,浴室,,,,,,,,,,,,,,,,
Tub,Tub,浴缸,,,,,,,,,,,,,,,,
Bathtub,Bathtub,浴缸,,,,,,,,,,,,,,,,
Bath,Bath,浴缸,,,,,,,,,,,,,,,,
Bathrobe,Bathrobe,浴袍,,,,,,,,,,,,,,,,
Mirage,Mirage,海市蜃楼,,,,,,,,,,,,,,,,
Laminaria,Laminaria,海带,,,,,,,,,,,,,,,,
Starfish,Starfish,海星,,,,,,,,,,,,,,,,
Ocean,Ocean,海洋,,,,,,,,,,,,,,,,
Wave,Wave,海浪,,,,,,,,,,,,,,,,
Bay,Bay,海湾,,,,,,,,,,,,,,,,
Beach,Beach,海滩,,,,,,,,,,,,,,,,
Nutria,Nutria,海狸鼠,,,,,,,,,,,,,,,,
Neptune,Neptune,海王星,,,,,,,,,,,,,,,,
Planet Neptune,Planet Neptune,海王星,,,,,,,,,,,,,,,,
Ship,Ship,海盗船,,,,,,,,,,,,,,,,
Sponge,Sponge,海绵,,,,,,,,,,,,,,,,
Sea anemone,Sea anemone,海葵,,,,,,,,,,,,,,,,
Conch,Conch,海螺,,,,,,,,,,,,,,,,
Dolphin,Dolphin,海豚,,,,,,,,,,,,,,,,
Walrus,Walrus,海象,,,,,,,,,,,,,,,,
Seal,Seal,海豹,,,,,,,,,,,,,,,,
Seahorse,Seahorse,海马,,,,,,,,,,,,,,,,
Neptune Horse,Neptune Horse,海马,,,,,,,,,,,,,,,,
Seagull,Seagull,海鸥,,,,,,,,,,,,,,,,
Disinfectant,Disinfectant,消毒剂,,,,,,,,,,,,,,,,
Fire truck,Fire truck,消防车,,,,,,,,,,,,,,,,
Fire brigade,Fire brigade,消防队,,,,,,,,,,,,,,,,
Eddy,Eddy,涡流,,,,,,,,,,,,,,,,
Lymph,Lymph,淋巴组织,,,,,,,,,,,,,,,,
Shower,Shower,淋浴间,,,,,,,,,,,,,,,,
Crimson,Crimson,深红色,,,,,,,,,,,,,,,,
Squats,Squats,深蹲,,,,,,,,,,,,,,,,
Detergent,Detergent,清洁剂,,,,,,,,,,,,,,,,
Mosque,Mosque,清真寺,,,,,,,,,,,,,,,,
Fade,Fade,渐变发型,,,,,,,,,,,,,,,,
Fish net,Fish net,渔网,,,,,,,,,,,,,,,,
Ferry,Ferry,渡轮,,,,,,,,,,,,,,,,
Wunjo,Wunjo,温乔,,,,,,,,,,,,,,,,
Thermometer,Thermometer,温度计,,,,,,,,,,,,,,,,
Wendigo,Wendigo,温迪戈,,,,,,,,,,,,,,,,
Game,Game,游戏,,,,,,,,,,,,,,,,
Playpen,Playpen,游戏围栏,,,,,,,,,,,,,,,,
Gamepad,Gamepad,游戏手柄,,,,,,,,,,,,,,,,
Joystick,Joystick,游戏手柄,,,,,,,,,,,,,,,,
Game board,Game board,游戏板,,,,,,,,,,,,,,,,
Cursor,Cursor,游标,,,,,,,,,,,,,,,,
Swim,Swim,游泳,,,,,,,,,,,,,,,,
Swimming,Swimming,游泳,,,,,,,,,,,,,,,,
Swim ring,Swim ring,游泳圈,,,,,,,,,,,,,,,,
Swimmer,Swimmer,游泳者,,,,,,,,,,,,,,,,
Nomad,Nomad,游牧者,,,,,,,,,,,,,,,,
Yacht,Yacht,游艇,,,,,,,,,,,,,,,,
Parade,Parade,游行,,,,,,,,,,,,,,,,
Ice skates,Ice skates,溜冰鞋,,,,,,,,,,,,,,,,
Skates,Skates,溜冰鞋,,,,,,,,,,,,,,,,
Yo-yo,Yo-yo,溜溜球,,,,,,,,,,,,,,,,
Skateboard,Skateboard,滑板,,,,,,,,,,,,,,,,
Scooter,Scooter,滑板车,,,,,,,,,,,,,,,,
Slide,Slide,滑梯,,,,,,,,,,,,,,,,
Harlequin,Harlequin,滑稽角色,,,,,,,,,,,,,,,,
Skiing,Skiing,滑雪,,,,,,,,,,,,,,,,
Snowboard,Snowboard,滑雪板,,,,,,,,,,,,,,,,
Skis,Skis,滑雪板,,,,,,,,,,,,,,,,
Ski mask,Ski mask,滑雪面罩,,,,,,,,,,,,,,,,
Rolling,Rolling,滚动,,,,,,,,,,,,,,,,
Winkle,Winkle,滨螺,,,,,,,,,,,,,,,,
Rafter,Rafter,漂流者,,,,,,,,,,,,,,,,
Leak,Leak,漏水,,,,,,,,,,,,,,,,
Swirls marble,Swirls marble,漩涡弹珠,,,,,,,,,,,,,,,,
Swirl pattern,Swirl pattern,漩涡纹,,,,,,,,,,,,,,,,
Dive,Dive,潜水,,,,,,,,,,,,,,,,
Diving,Diving,潜水,,,,,,,,,,,,,,,,
Diver,Diver,潜水者,,,,,,,,,,,,,,,,
Australia,Australia,澳大利亚,,,,,,,,,,,,,,,,
Fire,Fire,火,,,,,,,,,,,,,,,,
Volcano,Volcano,火山,,,,,,,,,,,,,,,,
Mars,Mars,火星,,,,,,,,,,,,,,,,
Torch,Torch,火炬,,,,,,,,,,,,,,,,
Flambeau,Flambeau,火炬信号,,,,,,,,,,,,,,,,
Flamingo,Flamingo,火烈鸟,,,,,,,,,,,,,,,,
Fire,Fire,火焰,,,,,,,,,,,,,,,,
Flame,Flame,火焰,,,,,,,,,,,,,,,,
Brazier,Brazier,火盆,,,,,,,,,,,,,,,,
Rocket,Rocket,火箭,,,,,,,,,,,,,,,,
Rocket salute,Rocket salute,火箭礼炮,,,,,,,,,,,,,,,,
Ham,Ham,火腿,,,,,,,,,,,,,,,,
Spark,Spark,火花,,,,,,,,,,,,,,,,
Train,Train,火车,,,,,,,,,,,,,,,,
Turkey,Turkey,火鸡,,,,,,,,,,,,,,,,
Extinguisher,Extinguisher,灭火器,,,,,,,,,,,,,,,,
Lamp,Lamp,灯,,,,,,,,,,,,,,,,
Light,Light,灯光,,,,,,,,,,,,,,,,
Light signal,Light signal,灯光信号,,,,,,,,,,,,,,,,
Beacon,Beacon,灯塔,,,,,,,,,,,,,,,,
Lighthouse,Lighthouse,灯塔,,,,,,,,,,,,,,,,
Bulb,Bulb,灯泡,,,,,,,,,,,,,,,,
Light,Light,灯浮标,,,,,,,,,,,,,,,,
Lanterns,Lanterns,灯笼,,,,,,,,,,,,,,,,
Lantern,Lantern,灯笼,,,,,,,,,,,,,,,,
Stucco,Stucco,灰泥墙,,,,,,,,,,,,,,,,
Ouija,Ouija,灵应牌,,,,,,,,,,,,,,,,
Stove,Stove,炉灶,,,,,,,,,,,,,,,,
Order pad,Order pad,点单本,,,,,,,,,,,,,,,,
Dotted,Dotted,点状图案,,,,,,,,,,,,,,,,
Chimney,Chimney,烟囱,,,,,,,,,,,,,,,,
Smoke,Smoke,烟尘,,,,,,,,,,,,,,,,
Pipe,Pipe,烟斗,,,,,,,,,,,,,,,,
Ashtray,Ashtray,烟灰缸,,,,,,,,,,,,,,,,
Firework,Firework,烟花,,,,,,,,,,,,,,,,
Tobacco,Tobacco,烟草,,,,,,,,,,,,,,,,
Smoke,Smoke,烟雾,,,,,,,,,,,,,,,,
Smoke,Smoke,烟雾信号,,,,,,,,,,,,,,,,
Grill,Grill,烤架,,,,,,,,,,,,,,,,
Stove,Stove,烤炉,,,,,,,,,,,,,,,,
Kebab,Kebab,烤肉串,,,,,,,,,,,,,,,,
Toaster,Toaster,烤面包机,,,,,,,,,,,,,,,,
Beaker,Beaker,烧杯,,,,,,,,,,,,,,,,
Flask,Flask,烧瓶,,,,,,,,,,,,,,,,
In love,In love,热恋,,,,,,,,,,,,,,,,
Hot dog,Hot dog,热狗,,,,,,,,,,,,,,,,
Hotline,Hotline,热线,,,,,,,,,,,,,,,,
Caramel,Caramel,焦糖,,,,,,,,,,,,,,,,
Flan,Flan,焦糖布丁,,,,,,,,,,,,,,,,
Cooking pot,Cooking pot,煮锅,,,,,,,,,,,,,,,,
Bear,Bear,熊,,,,,,,,,,,,,,,,
Bear totem,Bear totem,熊图腾,,,,,,,,,,,,,,,,
Panda,Panda,熊猫,,,,,,,,,,,,,,,,
Bear track,Bear track,熊的足迹,,,,,,,,,,,,,,,,
Incense,Incense,熏香,,,,,,,,,,,,,,,,
Furnace,Furnace,熔炉,,,,,,,,,,,,,,,,
Iron,Iron,熨斗,,,,,,,,,,,,,,,,
Ironing,Ironing,熨烫,,,,,,,,,,,,,,,,
Oats,Oats,燕麦,,,,,,,,,,,,,,,,
Oats cereal,Oats cereal,燕麦,,,,,,,,,,,,,,,,
Oat,Oat,燕麦奶,,,,,,,,,,,,,,,,
Flint,Flint,燧石,,,,,,,,,,,,,,,,
Afro,Afro,爆炸头,,,,,,,,,,,,,,,,
Popcorn,Popcorn,爆米花,,,,,,,,,,,,,,,,
Claw,Claw,爪形锚,,,,,,,,,,,,,,,,
Crawl,Crawl,爬行,,,,,,,,,,,,,,,,
Love,Love,爱,,,,,,,,,,,,,,,,
Irish flag,Irish flag,爱尔兰国旗,,,,,,,,,,,,,,,,
Ireland flag,Ireland flag,爱尔兰国旗,,,,,,,,,,,,,,,,
Heart,Heart,爱心,,,,,,,,,,,,,,,,
Heart origami,Heart origami,爱心折纸,,,,,,,,,,,,,,,,
Romance,Romance,爱情片,,,,,,,,,,,,,,,,
Estonia flag,Estonia flag,爱沙尼亚国旗,,,,,,,,,,,,,,,,
Toner,Toner,爽肤水,,,,,,,,,,,,,,,,
Credits,Credits,片尾字幕,,,,,,,,,,,,,,,,
Tooth Fairy,Tooth Fairy,牙仙,,,,,,,,,,,,,,,,
Tooth fairy,Tooth fairy,牙仙,,,,,,,,,,,,,,,,
Toothbrush,Toothbrush,牙刷,,,,,,,,,,,,,,,,
Braces,Braces,牙套,,,,,,,,,,,,,,,,
Toothpick,Toothpick,牙签,,,,,,,,,,,,,,,,
Toothpaste,Toothpaste,牙膏,,,,,,,,,,,,,,,,
Cowboy,Cowboy,牛仔,,,,,,,,,,,,,,,,
Rodeo,Rodeo,牛仔竞技,,,,,,,,,,,,,,,,
Jeans,Jeans,牛仔裤,,,,,,,,,,,,,,,,
Milk,Milk,牛奶,,,,,,,,,,,,,,,,
Avocado,Avocado,牛油果,,,,,,,,,,,,,,,,
Oxford,Oxford,牛津鞋,,,,,,,,,,,,,,,,
Oxfords,Oxfords,牛津鞋,,,,,,,,,,,,,,,,
Calf,Calf,牛犊,,,,,,,,,,,,,,,,
Cattle,Cattle,牛群,,,,,,,,,,,,,,,,
Beef,Beef,牛肉,,,,,,,,,,,,,,,,
Porcini,Porcini,牛肝菌,,,,,,,,,,,,,,,,
Oregano,Oregano,牛至,,,,,,,,,,,,,,,,
Croissant,Croissant,牛角包,,,,,,,,,,,,,,,,
Nougat,Nougat,牛轧糖,,,,,,,,,,,,,,,,
Peony,Peony,牡丹,,,,,,,,,,,,,,,,
Oyster,Oyster,牡蛎,,,,,,,,,,,,,,,,
Yak,Yak,牦牛,,,,,,,,,,,,,,,,
Agent,Agent,特工,,,,,,,,,,,,,,,,
Rhino,Rhino,犀牛,,,,,,,,,,,,,,,,
Rhino beetle,Rhino beetle,犀牛甲虫,,,,,,,,,,,,,,,,
Plow,Plow,犁,,,,,,,,,,,,,,,,
Halasana,Halasana,犁式,,,,,,,,,,,,,,,,
Plow,Plow,犁形锚,,,,,,,,,,,,,,,,
Vellum,Vellum,犊皮纸,,,,,,,,,,,,,,,,
Armadillo,Armadillo,犰狳,,,,,,,,,,,,,,,,
Synagogue,Synagogue,犹太会堂,,,,,,,,,,,,,,,,
Carnival,Carnival,狂欢节面具,,,,,,,,,,,,,,,,
Fox,Fox,狐狸,,,,,,,,,,,,,,,,
Lemur,Lemur,狐猴,,,,,,,,,,,,,,,,
Baboon,Baboon,狒狒,,,,,,,,,,,,,,,,
Dog,Dog,狗,,,,,,,,,,,,,,,,
Dog bed,Dog bed,狗床,,,,,,,,,,,,,,,,
Dog bowl,Dog bowl,狗碗,,,,,,,,,,,,,,,,
Kennel,Kennel,狗窝,,,,,,,,,,,,,,,,
Dog leash,Dog leash,狗绳,,,,,,,,,,,,,,,,
Dog collar,Dog collar,狗项圈,,,,,,,,,,,,,,,,
Canoe,Canoe,独木舟,,,,,,,,,,,,,,,,
Cyclops,Cyclops,独眼巨人,,,,,,,,,,,,,,,,
Horn beetle,Horn beetle,独角仙,,,,,,,,,,,,,,,,
Unicorn,Unicorn,独角兽,,,,,,,,,,,,,,,,
Unicorn head,Unicorn head,独角兽头,,,,,,,,,,,,,,,,
Narwhal,Narwhal,独角鲸,,,,,,,,,,,,,,,,
Unicycle,Unicycle,独轮车,,,,,,,,,,,,,,,,
Lion,Lion,狮子,,,,,,,,,,,,,,,,
Leo,Leo,狮子座,,,,,,,,,,,,,,,,
Lion,Lion,狮身,,,,,,,,,,,,,,,,
Sphinx,Sphinx,狮身人面像,,,,,,,,,,,,,,,,
Griffin,Griffin,狮鹫,,,,,,,,,,,,,,,,
Wolf,Wolf,狼,,,,,,,,,,,,,,,,
Werewolf,Werewolf,狼人,,,,,,,,,,,,,,,,
Wolf totem,Wolf totem,狼图腾,,,,,,,,,,,,,,,,
Wolf track,Wolf track,狼的足迹,,,,,,,,,,,,,,,,
Cheetah,Cheetah,猎豹,,,,,,,,,,,,,,,,
Falcon,Falcon,猎隼,,,,,,,,,,,,,,,,
Falcon,Falcon,猎鹰,,,,,,,,,,,,,,,,
Macaque,Macaque,猕猴,,,,,,,,,,,,,,,,
Kiwi,Kiwi,猕猴桃,,,,,,,,,,,,,,,,
Hangman,Hangman,猜词游戏,,,,,,,,,,,,,,,,
Lynx,Lynx,猞猁,,,,,,,,,,,,,,,,
Orangutan,Orangutan,猩猩,,,,,,,,,,,,,,,,
Scarlet,Scarlet,猩红色,,,,,,,,,,,,,,,,
Pig,Pig,猪,,,,,,,,,,,,,,,,
Pork,Pork,猪肉,,,,,,,,,,,,,,,,
Cat,Cat,猫,,,,,,,,,,,,,,,,
Owl,Owl,猫头鹰,,,,,,,,,,,,,,,,
Cat tree,Cat tree,猫爬架,,,,,,,,,,,,,,,,
Catseye marble,Catseye marble,猫眼弹珠,,,,,,,,,,,,,,,,
Meerkat,Meerkat,猫鼬,,,,,,,,,,,,,,,,
Monkey,Monkey,猴子,,,,,,,,,,,,,,,,
Baobab,Baobab,猴面包树,,,,,,,,,,,,,,,,
Simian,Simian,猿,,,,,,,,,,,,,,,,
Mastiff,Mastiff,獒犬,,,,,,,,,,,,,,,,
Badger,Badger,獾,,,,,,,,,,,,,,,,
Magnolia,Magnolia,玉兰,,,,,,,,,,,,,,,,
Maize,Maize,玉米,,,,,,,,,,,,,,,,
Maize cereal,Maize cereal,玉米,,,,,,,,,,,,,,,,
Corn,Corn,玉米,,,,,,,,,,,,,,,,
Corndog,Corndog,玉米热狗,,,,,,,,,,,,,,,,
King chess,King chess,王,,,,,,,,,,,,,,,,
Diadem,Diadem,王冠,,,,,,,,,,,,,,,,
Crown,Crown,王冠,,,,,,,,,,,,,,,,
Crown icon,Crown icon,王冠图示,,,,,,,,,,,,,,,,
Prince,Prince,王子,,,,,,,,,,,,,,,,
Throne,Throne,王座,,,,,,,,,,,,,,,,
Aces,Aces,王牌,,,,,,,,,,,,,,,,
Mantle,Mantle,王袍,,,,,,,,,,,,,,,,
Margarita,Margarita,玛格丽塔杯,,,,,,,,,,,,,,,,
Agate marble,Agate marble,玛瑙弹珠,,,,,,,,,,,,,,,,
Muffin,Muffin,玛芬蛋糕,,,,,,,,,,,,,,,,
Doll,Doll,玩偶,,,,,,,,,,,,,,,,
Toy,Toy,玩具,,,,,,,,,,,,,,,,
Toy car,Toy car,玩具车,,,,,,,,,,,,,,,,
Toy,Toy,玩意儿,,,,,,,,,,,,,,,,
Rose,Rose,玫瑰,,,,,,,,,,,,,,,,
Cromlech,Cromlech,环列巨石,,,,,,,,,,,,,,,,
Loop,Loop,环圈,,,,,,,,,,,,,,,,
Torus,Torus,环面,,,,,,,,,,,,,,,,
Cash,Cash,现金,,,,,,,,,,,,,,,,
Glass,Glass,玻璃,,,,,,,,,,,,,,,,
Glass,Glass,玻璃杯,,,,,,,,,,,,,,,,
Carafe,Carafe,玻璃瓶,,,,,,,,,,,,,,,,
Pegasus,Pegasus,珀伽索斯,,,,,,,,,,,,,,,,
Coral,Coral,珊瑚,,,,,,,,,,,,,,,,
Pearl,Pearl,珍珠,,,,,,,,,,,,,,,,
Bead,Bead,珠子,,,,,,,,,,,,,,,,
Jewelry,Jewelry,珠宝,,,,,,,,,,,,,,,,
Jewel,Jewel,珠宝,,,,,,,,,,,,,,,,
Banjo,Banjo,班卓琴,,,,,,,,,,,,,,,,
Ball,Ball,球,,,,,,,,,,,,,,,,
Sphere,Sphere,球,,,,,,,,,,,,,,,,
Sphere,Sphere,球体,,,,,,,,,,,,,,,,
Pitch,Pitch,球场,,,,,,,,,,,,,,,,
Racket,Racket,球拍,,,,,,,,,,,,,,,,
Tennis net,Tennis net,球网,,,,,,,,,,,,,,,,
Fans,Fans,球迷,,,,,,,,,,,,,,,,
Sweden flag,Sweden flag,瑞典国旗,,,,,,,,,,,,,,,,
Guar,Guar,瓜尔豆,,,,,,,,,,,,,,,,
Ladybug,Ladybug,瓢虫,,,,,,,,,,,,,,,,
Urn,Urn,瓮,,,,,,,,,,,,,,,,
Bottle,Bottle,瓶子,,,,,,,,,,,,,,,,
Porcelain,Porcelain,瓷娃娃,,,,,,,,,,,,,,,,
Tile,Tile,瓷砖,,,,,,,,,,,,,,,,
Tiles,Tiles,瓷砖,,,,,,,,,,,,,,,,
Ganache,Ganache,甘纳许,,,,,,,,,,,,,,,,
Sweet,Sweet,甜味,,,,,,,,,,,,,,,,
Pepper,Pepper,甜椒,,,,,,,,,,,,,,,,
Melon,Melon,甜瓜,,,,,,,,,,,,,,,,
Donut,Donut,甜甜圈,,,,,,,,,,,,,,,,
Beet,Beet,甜菜根,,,,,,,,,,,,,,,,
Beetroot,Beetroot,甜菜根,,,,,,,,,,,,,,,,
Birthday cake,Birthday cake,生日蛋糕,,,,,,,,,,,,,,,,
Biological,Biological,生物危害,,,,,,,,,,,,,,,,
Lettuce,Lettuce,生菜,,,,,,,,,,,,,,,,
Field,Field,田地,,,,,,,,,,,,,,,,
Vole,Vole,田鼠,,,,,,,,,,,,,,,,
Beetle,Beetle,甲虫,,,,,,,,,,,,,,,,
Electric car,Electric car,电动汽车,,,,,,,,,,,,,,,,
Electric toothbrush,Electric toothbrush,电动牙刷,,,,,,,,,,,,,,,,
Electric,Electric,电吉他,,,,,,,,,,,,,,,,
Video game,Video game,电子游戏,,,,,,,,,,,,,,,,
E-reader,E-reader,电子阅读器,,,,,,,,,,,,,,,,
Films,Films,电影,,,,,,,,,,,,,,,,
Film award,Film award,电影奖项,,,,,,,,,,,,,,,,
Film director,Film director,电影导演,,,,,,,,,,,,,,,,
Inductor,Inductor,电感器,,,,,,,,,,,,,,,,
Battery,Battery,电池,,,,,,,,,,,,,,,,
Cord,Cord,电线,,,,,,,,,,,,,,,,
Utility,Utility,电线杆,,,,,,,,,,,,,,,,
Computer,Computer,电脑,,,,,,,,,,,,,,,,
PC keyboard,PC keyboard,电脑键盘,,,,,,,,,,,,,,,,
PC mouse,PC mouse,电脑鼠标,,,,,,,,,,,,,,,,
Mouse PC,Mouse PC,电脑鼠标,,,,,,,,,,,,,,,,
TV,TV,电视,,,,,,,,,,,,,,,,
TV tower,TV tower,电视塔,,,,,,,,,,,,,,,,
TV screen,TV screen,电视萤幕,,,,,,,,,,,,,,,,
Drill,Drill,电钻,,,,,,,,,,,,,,,,
Resistor,Resistor,电阻器,,,,,,,,,,,,,,,,
Man,Man,男人,,,,,,,,,,,,,,,,
Baron,Baron,男爵,,,,,,,,,,,,,,,,
Frame,Frame,画框,,,,,,,,,,,,,,,,
Paint brush,Paint brush,画笔,,,,,,,,,,,,,,,,
Paintbrush,Paintbrush,画笔,,,,,,,,,,,,,,,,
Guava,Guava,番石榴,,,,,,,,,,,,,,,,
Tomato,Tomato,番茄,,,,,,,,,,,,,,,,
Tomatoes,Tomatoes,番茄,,,,,,,,,,,,,,,,
Ketchup,Ketchup,番茄酱,,,,,,,,,,,,,,,,
Warthog,Warthog,疣猪,,,,,,,,,,,,,,,,
Plague,Plague,瘟疫医生面具,,,,,,,,,,,,,,,,
Hiking poles,Hiking poles,登山杖,,,,,,,,,,,,,,,,
Alpinist,Alpinist,登山者,,,,,,,,,,,,,,,,
Step-up,Step-up,登阶,,,,,,,,,,,,,,,,
Snifter,Snifter,白兰地杯,,,,,,,,,,,,,,,,
White flag,White flag,白旗,,,,,,,,,,,,,,,,
Day,Day,白昼,,,,,,,,,,,,,,,,
Aries,Aries,白羊座,,,,,,,,,,,,,,,,
Daikon,Daikon,白萝卜,,,,,,,,,,,,,,,,
Termite,Termite,白蚁,,,,,,,,,,,,,,,,
Termites,Termites,白蚁,,,,,,,,,,,,,,,,
Ash,Ash,白蜡树叶,,,,,,,,,,,,,,,,
Beluga,Beluga,白鲸,,,,,,,,,,,,,,,,
Lily,Lily,百合,,,,,,,,,,,,,,,,
Thyme,Thyme,百里香,,,,,,,,,,,,,,,,
Maracuya,Maracuya,百香果,,,,,,,,,,,,,,,,
Soap dispenser,Soap dispenser,皂液器,,,,,,,,,,,,,,,,
Pixie,Pixie,皮克希,,,,,,,,,,,,,,,,
Pickup,Pickup,皮卡,,,,,,,,,,,,,,,,
Pita,Pita,皮塔饼,,,,,,,,,,,,,,,,
Plunger,Plunger,皮搋子,,,,,,,,,,,,,,,,
Fur,Fur,皮毛,,,,,,,,,,,,,,,,
Skin,Skin,皮肤组织,,,,,,,,,,,,,,,,
Fur coat,Fur coat,皮草大衣,,,,,,,,,,,,,,,,
Frowny,Frowny,皱眉脸,,,,,,,,,,,,,,,,
Wrinkle,Wrinkle,皱纹,,,,,,,,,,,,,,,,
Salt,Salt,盐,,,,,,,,,,,,,,,,
Surveillance,Surveillance,监控,,,,,,,,,,,,,,,,
Box,Box,盒子,,,,,,,,,,,,,,,,
Box origami,Box origami,盒子折纸,,,,,,,,,,,,,,,,
Armor,Armor,盔甲,,,,,,,,,,,,,,,,
Lid,Lid,盖子,,,,,,,,,,,,,,,,
Plate,Plate,盘子,,,,,,,,,,,,,,,,
Helicopter,Helicopter,直升机,,,,,,,,,,,,,,,,
Open razor,Open razor,直式剃刀,,,,,,,,,,,,,,,,
Diameter,Diameter,直径,,,,,,,,,,,,,,,,
Spur,Spur,直齿轮,,,,,,,,,,,,,,,,
Camera,Camera,相机,,,,,,,,,,,,,,,,
Shield,Shield,盾牌,,,,,,,,,,,,,,,,
Eyebrows,Eyebrows,眉毛,,,,,,,,,,,,,,,,
Stands,Stands,看台,,,,,,,,,,,,,,,,
Billboard,Billboard,看板,,,,,,,,,,,,,,,,
Fungi,Fungi,真菌,,,,,,,,,,,,,,,,
Wink,Wink,眨眼,,,,,,,,,,,,,,,,
Wink,Wink,眨眼脸,,,,,,,,,,,,,,,,
Eyeshadow,Eyeshadow,眼影,,,,,,,,,,,,,,,,
Tears,Tears,眼泪,,,,,,,,,,,,,,,,
Eyes,Eyes,眼睛,,,,,,,,,,,,,,,,
Eye patch,Eye patch,眼罩,,,,,,,,,,,,,,,,
Glasses,Glasses,眼镜,,,,,,,,,,,,,,,,
Tarsier,Tarsier,眼镜猴,,,,,,,,,,,,,,,,
Cobra,Cobra,眼镜蛇,,,,,,,,,,,,,,,,
Cobra yoga,Cobra yoga,眼镜蛇式,,,,,,,,,,,,,,,,
Sleeping,Sleeping,睡眠,,,,,,,,,,,,,,,,
Sleep mask,Sleep mask,睡眠眼罩,,,,,,,,,,,,,,,,
Pajamas,Pajamas,睡衣,,,,,,,,,,,,,,,,
Sleeping bag,Sleeping bag,睡袋,,,,,,,,,,,,,,,,
Eyelashes,Eyelashes,睫毛,,,,,,,,,,,,,,,,
Gazelle,Gazelle,瞪羚,,,,,,,,,,,,,,,,
Spear,Spear,矛,,,,,,,,,,,,,,,,
Robin,Robin,知更鸟,,,,,,,,,,,,,,,,
Zildjian,Zildjian,知音镲,,,,,,,,,,,,,,,,
Alligator,Alligator,短吻鳄,,,,,,,,,,,,,,,,
Bobcat,Bobcat,短尾猫,,,,,,,,,,,,,,,,
Cutlass,Cutlass,短弯刀,,,,,,,,,,,,,,,,
Piccolo,Piccolo,短笛,,,,,,,,,,,,,,,,
Shorts,Shorts,短裤,,,,,,,,,,,,,,,,
Dwarf galaxy,Dwarf galaxy,矮星系,,,,,,,,,,,,,,,,
Tablet relic,Tablet relic,石板,,,,,,,,,,,,,,,,
Stele,Stele,石柱,,,,,,,,,,,,,,,,
Dolmen,Dolmen,石棚,,,,,,,,,,,,,,,,
Skink,Skink,石龙子,,,,,,,,,,,,,,,,
Dock,Dock,码头,,,,,,,,,,,,,,,,
Brick,Brick,砖,,,,,,,,,,,,,,,,
Brick,Brick,砖墙,,,,,,,,,,,,,,,,
Silicon,Silicon,硅,,,,,,,,,,,,,,,,
Sulfur,Sulfur,硫,,,,,,,,,,,,,,,,
H2SO4,H2SO4,硫酸,,,,,,,,,,,,,,,,
Coin,Coin,硬币,,,,,,,,,,,,,,,,
Hard drive,Hard drive,硬盘,,,,,,,,,,,,,,,,
Candy,Candy,硬糖,,,,,,,,,,,,,,,,
Gravel,Gravel,碎石,,,,,,,,,,,,,,,,
Bowl,Bowl,碗,,,,,,,,,,,,,,,,
Iodine,Iodine,碘,,,,,,,,,,,,,,,,
Carbon,Carbon,碳,,,,,,,,,,,,,,,,
Lab magnet,Lab magnet,磁力搅拌器,,,,,,,,,,,,,,,,
Magnet,Magnet,磁贴,,,,,,,,,,,,,,,,
Grater,Grater,磨碎器,,,,,,,,,,,,,,,,
Diagram,Diagram,示意图,,,,,,,,,,,,,,,,
Ceremonial,Ceremonial,礼仪帽,,,,,,,,,,,,,,,,
Gift bow,Gift bow,礼品蝴蝶结,,,,,,,,,,,,,,,,
Hat,Hat,礼帽,,,,,,,,,,,,,,,,
Gown,Gown,礼服,,,,,,,,,,,,,,,,
Salute,Salute,礼炮,,,,,,,,,,,,,,,,
Gift,Gift,礼物,,,,,,,,,,,,,,,,
Gifts,Gifts,礼物,,,,,,,,,,,,,,,,
Gift box,Gift box,礼物盒,,,,,,,,,,,,,,,,
Box,Box,礼物盒,,,,,,,,,,,,,,,,
Prayer,Prayer,祈祷,,,,,,,,,,,,,,,,
Zurna,Zurna,祖尔纳管,,,,,,,,,,,,,,,,
Emerald,Emerald,祖母绿,,,,,,,,,,,,,,,,
Temple,Temple,神庙,,,,,,,,,,,,,,,,
Genie lamp,Genie lamp,神灯,,,,,,,,,,,,,,,,
Shrine,Shrine,神社,,,,,,,,,,,,,,,,
Nerve,Nerve,神经组织,,,,,,,,,,,,,,,,
Oracle,Oracle,神谕,,,,,,,,,,,,,,,,
No turns,No turns,禁止转弯,,,,,,,,,,,,,,,,
Driveway,Driveway,私人车道,,,,,,,,,,,,,,,,
Vulture,Vulture,秃鹫,,,,,,,,,,,,,,,,
Swing,Swing,秋千,,,,,,,,,,,,,,,,
Autumn,Autumn,秋季,,,,,,,,,,,,,,,,
Seed,Seed,种子,,,,,,,,,,,,,,,,
Komodo,Komodo,科莫多龙,,,,,,,,,,,,,,,,
Komodo dragon,Komodo dragon,科莫多龙,,,,,,,,,,,,,,,,
Peru flag,Peru flag,秘鲁国旗,,,,,,,,,,,,,,,,
Block,Block,积木,,,,,,,,,,,,,,,,
Pipette,Pipette,移液管,,,,,,,,,,,,,,,,
Savanna,Savanna,稀树草原,,,,,,,,,,,,,,,,
Mules,Mules,穆勒鞋,,,,,,,,,,,,,,,,
Dome,Dome,穹顶,,,,,,,,,,,,,,,,
Spacebar,Spacebar,空格键,,,,,,,,,,,,,,,,
Air bike,Air bike,空气自行车,,,,,,,,,,,,,,,,
Pier,Pier,突堤码头,,,,,,,,,,,,,,,,
Curtains,Curtains,窗帘,,,,,,,,,,,,,,,,
Window,Window,窗户,,,,,,,,,,,,,,,,
Tracery,Tracery,窗花格,,,,,,,,,,,,,,,,
Cube,Cube,立方体,,,,,,,,,,,,,,,,
Harp,Harp,竖琴,,,,,,,,,,,,,,,,
Contest,Contest,竞赛,,,,,,,,,,,,,,,,
Octopus,Octopus,章鱼,,,,,,,,,,,,,,,,
Squash,Squash,笋瓜,,,,,,,,,,,,,,,,
Smiley,Smiley,笑脸,,,,,,,,,,,,,,,,
Smile,Smile,笑脸,,,,,,,,,,,,,,,,
Nib,Nib,笔尖,,,,,,,,,,,,,,,,
Penne,Penne,笔管面,,,,,,,,,,,,,,,,
Notes,Notes,笔记,,,,,,,,,,,,,,,,
Laptop,Laptop,笔记本电脑,,,,,,,,,,,,,,,,
Talisman,Talisman,符咒,,,,,,,,,,,,,,,,
Rune,Rune,符文,,,,,,,,,,,,,,,,
Halter,Halter,笼头,,,,,,,,,,,,,,,,
Cage,Cage,笼子,,,,,,,,,,,,,,,,
Plasma,Plasma,等离子,,,,,,,,,,,,,,,,
Plasma,Plasma,等离子球,,,,,,,,,,,,,,,,
Sieve,Sieve,筛子,,,,,,,,,,,,,,,,
Sticks,Sticks,筷子,,,,,,,,,,,,,,,,
Signature,Signature,签名,,,,,,,,,,,,,,,,
Pipe,Pipe,管子,,,,,,,,,,,,,,,,
Pipe,Pipe,管道,,,,,,,,,,,,,,,,
Pipe wrench,Pipe wrench,管钳,,,,,,,,,,,,,,,,
Organ,Organ,管风琴,,,,,,,,,,,,,,,,
Quiver,Quiver,箭囊,,,,,,,,,,,,,,,,
Arrow,Arrow,箭头,,,,,,,,,,,,,,,,
Nock,Nock,箭尾扣,,,,,,,,,,,,,,,,
Arrows,Arrows,箭矢,,,,,,,,,,,,,,,,
Fletch,Fletch,箭羽,,,,,,,,,,,,,,,,
Quiver,Quiver,箭袋,,,,,,,,,,,,,,,,
Chest,Chest,箱子,,,,,,,,,,,,,,,,
Bonfire,Bonfire,篝火,,,,,,,,,,,,,,,,
Fire,Fire,篝火,,,,,,,,,,,,,,,,
Basket,Basket,篮子,,,,,,,,,,,,,,,,
Basketball,Basketball,篮球,,,,,,,,,,,,,,,,
Sphere,Sphere,篮球,,,,,,,,,,,,,,,,
Tuft,Tuft,簇绒毛,,,,,,,,,,,,,,,,
Dustpan,Dustpan,簸箕,,,,,,,,,,,,,,,,
Mikey,Mikey,米开朗基罗,,,,,,,,,,,,,,,,
Beige hue,Beige hue,米色,,,,,,,,,,,,,,,,
Rice,Rice,米饭,,,,,,,,,,,,,,,,
Silt,Silt,粉土,,,,,,,,,,,,,,,,
Chalk,Chalk,粉笔,,,,,,,,,,,,,,,,
Pink lipstick,Pink lipstick,粉色口红,,,,,,,,,,,,,,,,
Powder,Powder,粉袋,,,,,,,,,,,,,,,,
Grit,Grit,粗砂,,,,,,,,,,,,,,,,
Rigatoni,Rigatoni,粗通心粉,,,,,,,,,,,,,,,,
Ziti,Ziti,粗通心粉,,,,,,,,,,,,,,,,
Serum,Serum,精华,,,,,,,,,,,,,,,,
Elf,Elf,精灵,,,,,,,,,,,,,,,,
Elves,Elves,精灵,,,,,,,,,,,,,,,,
Genie,Genie,精灵,,,,,,,,,,,,,,,,
Pastry,Pastry,糕点,,,,,,,,,,,,,,,,
Pastry brush,Pastry brush,糕点刷,,,,,,,,,,,,,,,,
Sugar spoon,Sugar spoon,糖勺,,,,,,,,,,,,,,,,
Sweets,Sweets,糖果,,,,,,,,,,,,,,,,
Candy,Candy,糖果,,,,,,,,,,,,,,,,
Syrup,Syrup,糖浆,,,,,,,,,,,,,,,,
Syrop,Syrop,糖浆,,,,,,,,,,,,,,,,
Tied arch,Tied arch,系杆拱桥,,,,,,,,,,,,,,,,
Mooring,Mooring,系泊浮标,,,,,,,,,,,,,,,,
Sketchpad,Sketchpad,素描本,,,,,,,,,,,,,,,,
Rope bridge,Rope bridge,索桥,,,,,,,,,,,,,,,,
Sophia,Sophia,索菲亚机器人,,,,,,,,,,,,,,,,
Coily,Coily,紧密卷发,,,,,,,,,,,,,,,,
Tights,Tights,紧身裤,,,,,,,,,,,,,,,,
Bodycon,Bodycon,紧身连衣裙,,,,,,,,,,,,,,,,
Fuchsia,Fuchsia,紫红色,,,,,,,,,,,,,,,,
Violet,Violet,紫罗兰,,,,,,,,,,,,,,,,
Aster,Aster,紫苑,,,,,,,,,,,,,,,,
Redbud,Redbud,紫荆,,,,,,,,,,,,,,,,
Ruby,Ruby,红宝石,,,,,,,,,,,,,,,,
Hearts,Hearts,红心,,,,,,,,,,,,,,,,
10 hearts,10 hearts,红心10,,,,,,,,,,,,,,,,
3 hearts,3 hearts,红心3,,,,,,,,,,,,,,,,
7 hearts,7 hearts,红心7,,,,,,,,,,,,,,,,
8 hearts,8 hearts,红心8,,,,,,,,,,,,,,,,
9 hearts,9 hearts,红心9,,,,,,,,,,,,,,,,
Jack hearts,Jack hearts,红心J,,,,,,,,,,,,,,,,
King hearts,King hearts,红心K,,,,,,,,,,,,,,,,
Queen hearts,Queen hearts,红心Q,,,,,,,,,,,,,,,,
Rambutan,Rambutan,红毛丹,,,,,,,,,,,,,,,,
Russula,Russula,红菇,,,,,,,,,,,,,,,,
Red currant,Red currant,红醋栗,,,,,,,,,,,,,,,,
Water,Water,纯净水,,,,,,,,,,,,,,,,
Yarn,Yarn,纱线,,,,,,,,,,,,,,,,
Paper,Paper,纸,,,,,,,,,,,,,,,,
Swan origami,Swan origami,纸天鹅,,,,,,,,,,,,,,,,
Banknote,Banknote,纸币,,,,,,,,,,,,,,,,
Banknotes,Banknotes,纸币,,,,,,,,,,,,,,,,
Paper,Paper,纸张,,,,,,,,,,,,,,,,
Cupcake,Cupcake,纸杯蛋糕,,,,,,,,,,,,,,,,
Samurai origami,Samurai origami,纸武士,,,,,,,,,,,,,,,,
Boat origami,Boat origami,纸船,,,,,,,,,,,,,,,,
Papyrus plant,Papyrus plant,纸莎草,,,,,,,,,,,,,,,,
Papyrus,Papyrus,纸莎草,,,,,,,,,,,,,,,,
Lotus origami,Lotus origami,纸莲花,,,,,,,,,,,,,,,,
Paper bag,Paper bag,纸袋,,,,,,,,,,,,,,,,
Tulip origami,Tulip origami,纸郁金香,,,,,,,,,,,,,,,,
Frog origami,Frog origami,纸青蛙,,,,,,,,,,,,,,,,
Pinwheel,Pinwheel,纸风车,,,,,,,,,,,,,,,,
Plane origami,Plane origami,纸飞机,,,,,,,,,,,,,,,,
Paper plane,Paper plane,纸飞机,,,,,,,,,,,,,,,,
Fish origami,Fish origami,纸鱼,,,,,,,,,,,,,,,,
Crane origami,Crane origami,纸鹤,,,,,,,,,,,,,,,,
Texture,Texture,纹理,,,,,,,,,,,,,,,,
Tattoo,Tattoo,纹身,,,,,,,,,,,,,,,,
Button,Button,纽扣,,,,,,,,,,,,,,,,
Lines,Lines,线条,,,,,,,,,,,,,,,,
Rapier,Rapier,细剑,,,,,,,,,,,,,,,,
Chives,Chives,细香葱,,,,,,,,,,,,,,,,
Stilettos,Stilettos,细高跟鞋,,,,,,,,,,,,,,,,
Weaver,Weaver,织工甲虫,,,,,,,,,,,,,,,,
Fleece,Fleece,绒布,,,,,,,,,,,,,,,,
Pom-pom,Pom-pom,绒球,,,,,,,,,,,,,,,,
Painting,Painting,绘画,,,,,,,,,,,,,,,,
Full,Full,络腮胡,,,,,,,,,,,,,,,,
Relay,Relay,继电器,,,,,,,,,,,,,,,,
Crimson hue,Crimson hue,绯红色,,,,,,,,,,,,,,,,
Rope,Rope,绳子,,,,,,,,,,,,,,,,
Rope,Rope,绳索,,,,,,,,,,,,,,,,
Knot,Knot,绳结,,,,,,,,,,,,,,,,
Vikings,Vikings,维京人,,,,,,,,,,,,,,,,
Drakkar,Drakkar,维京长船,,,,,,,,,,,,,,,,
Sheep,Sheep,绵羊,,,,,,,,,,,,,,,,
Foliage,Foliage,绿叶,,,,,,,,,,,,,,,,
Oasis,Oasis,绿洲,,,,,,,,,,,,,,,,
Knitting,Knitting,编织,,,,,,,,,,,,,,,,
Weaving,Weaving,编织,,,,,,,,,,,,,,,,
Sewing,Sewing,缝纫,,,,,,,,,,,,,,,,
Reins,Reins,缰绳,,,,,,,,,,,,,,,,
Poppy,Poppy,罂粟花,,,,,,,,,,,,,,,,
Jar,Jar,罐,,,,,,,,,,,,,,,,
Jar,Jar,罐子,,,,,,,,,,,,,,,,
Grid,Grid,网格,,,,,,,,,,,,,,,,
Tennis,Tennis,网球,,,,,,,,,,,,,,,,
Internet,Internet,网络,,,,,,,,,,,,,,,,
Webcam,Webcam,网络摄像头,,,,,,,,,,,,,,,,
Basil,Basil,罗勒,,,,,,,,,,,,,,,,
Romania flag,Romania flag,罗马尼亚国旗,,,,,,,,,,,,,,,,
Colosseo,Colosseo,罗马斗兽场,,,,,,,,,,,,,,,,
Colosseum,Colosseum,罗马斗兽场,,,,,,,,,,,,,,,,
Romanesco,Romanesco,罗马花椰菜,,,,,,,,,,,,,,,,
Roman,Roman,罗马蜡烛,,,,,,,,,,,,,,,,
Sheep,Sheep,羊,,,,,,,,,,,,,,,,
Wool,Wool,羊毛,,,,,,,,,,,,,,,,
Vellum,Vellum,羊皮纸,,,,,,,,,,,,,,,,
Lamb,Lamb,羊羔,,,,,,,,,,,,,,,,
Sheep,Sheep,羊群,,,,,,,,,,,,,,,,
Morel,Morel,羊肚菌,,,,,,,,,,,,,,,,
Cleat,Cleat,羊角结,,,,,,,,,,,,,,,,
Llama,Llama,羊驼,,,,,,,,,,,,,,,,
Alpaca,Alpaca,羊驼,,,,,,,,,,,,,,,,
Alpaca,Alpaca,羊驼毛,,,,,,,,,,,,,,,,
Dollar,Dollar,美元,,,,,,,,,,,,,,,,
Tasty dessert,Tasty dessert,美味甜点,,,,,,,,,,,,,,,,
USA,USA,美国,,,,,,,,,,,,,,,,
USA flag,USA flag,美国国旗,,,,,,,,,,,,,,,,
US flag,US flag,美国国旗,,,,,,,,,,,,,,,,
Cosmetic mask,Cosmetic mask,美容面膜,,,,,,,,,,,,,,,,
Utility knife,Utility knife,美工刀,,,,,,,,,,,,,,,,
America,America,美洲,,,,,,,,,,,,,,,,
Puma,Puma,美洲狮,,,,,,,,,,,,,,,,
Jaguar,Jaguar,美洲虎,,,,,,,,,,,,,,,,
Jaguar,Jaguar,美洲豹,,,,,,,,,,,,,,,,
Manicure,Manicure,美甲,,,,,,,,,,,,,,,,
Antelope,Antelope,羚羊,,,,,,,,,,,,,,,,
Lupin,Lupin,羽扇豆,,,,,,,,,,,,,,,,
Feather,Feather,羽毛,,,,,,,,,,,,,,,,
Feathers,Feathers,羽毛,,,,,,,,,,,,,,,,
Badminton,Badminton,羽毛球,,,,,,,,,,,,,,,,
Quill,Quill,羽毛笔,,,,,,,,,,,,,,,,
Down,Down,羽绒,,,,,,,,,,,,,,,,
Puffer vest,Puffer vest,羽绒背心,,,,,,,,,,,,,,,,
Wings,Wings,翅膀,,,,,,,,,,,,,,,,
Jade,Jade,翡翠,,,,,,,,,,,,,,,,
Pterosaur,Pterosaur,翼龙,,,,,,,,,,,,,,,,
Teacher,Teacher,老师,,,,,,,,,,,,,,,,
Senior,Senior,老年人,,,,,,,,,,,,,,,,
Reading,Reading,老花镜,,,,,,,,,,,,,,,,
Tiger,Tiger,老虎,,,,,,,,,,,,,,,,
Mouse,Mouse,老鼠,,,,,,,,,,,,,,,,
Rat,Rat,老鼠,,,,,,,,,,,,,,,,
Koala,Koala,考拉,,,,,,,,,,,,,,,,
Exams,Exams,考试,,,,,,,,,,,,,,,,
Rake comb,Rake comb,耙梳,,,,,,,,,,,,,,,,
Ears,Ears,耳朵,,,,,,,,,,,,,,,,
Earbuds,Earbuds,耳机,,,,,,,,,,,,,,,,
Earbud,Earbud,耳机,,,,,,,,,,,,,,,,
Headset,Headset,耳机,,,,,,,,,,,,,,,,
Earphone case,Earphone case,耳机盒,,,,,,,,,,,,,,,,
Earphone mic,Earphone mic,耳机麦克风,,,,,,,,,,,,,,,,
Earring,Earring,耳环,,,,,,,,,,,,,,,,
Earrings,Earrings,耳环,,,,,,,,,,,,,,,,
Xmas,Xmas,耶诞节,,,,,,,,,,,,,,,,
Combine,Combine,联合收割机,,,,,,,,,,,,,,,,
Meat,Meat,肉,,,,,,,,,,,,,,,,
Chops,Chops,肉排,,,,,,,,,,,,,,,,
Meat,Meat,肉类,,,,,,,,,,,,,,,,
Nutmeg,Nutmeg,肉豆蔻,,,,,,,,,,,,,,,,
Muscle,Muscle,肌肉组织,,,,,,,,,,,,,,,,
Shawm,Shawm,肖姆管,,,,,,,,,,,,,,,,
Shoti,Shoti,肖蒂面包,,,,,,,,,,,,,,,,
Elbow,Elbow,肘关节,,,,,,,,,,,,,,,,
Girth,Girth,肚带,,,,,,,,,,,,,,,,
Liver,Liver,肝脏,,,,,,,,,,,,,,,,
Stocks,Stocks,股票,,,,,,,,,,,,,,,,
Soap,Soap,肥皂,,,,,,,,,,,,,,,,
Soap bubbles,Soap bubbles,肥皂泡,,,,,,,,,,,,,,,,
Soap dish,Soap dish,肥皂盒,,,,,,,,,,,,,,,,
Pauldron,Pauldron,肩甲,,,,,,,,,,,,,,,,
Spaulder,Spaulder,肩铠,,,,,,,,,,,,,,,,
Kenken,Kenken,肯肯,,,,,,,,,,,,,,,,
Lungs,Lungs,肺,,,,,,,,,,,,,,,,
Kidney,Kidney,肾脏,,,,,,,,,,,,,,,,
Stomach,Stomach,胃,,,,,,,,,,,,,,,,
Backpack,Backpack,背包,,,,,,,,,,,,,,,,
Singlet,Singlet,背心,,,,,,,,,,,,,,,,
Vest,Vest,背心,,,,,,,,,,,,,,,,
Beard,Beard,胡子,,,,,,,,,,,,,,,,
Pepper robot,Pepper robot,胡椒机器人,,,,,,,,,,,,,,,,
Stubble,Stubble,胡茬,,,,,,,,,,,,,,,,
Carrot,Carrot,胡萝卜,,,,,,,,,,,,,,,,
Holi,Holi,胡里节,,,,,,,,,,,,,,,,
Whiskers,Whiskers,胡须,,,,,,,,,,,,,,,,
Beard,Beard,胡须,,,,,,,,,,,,,,,,
Greave,Greave,胫甲,,,,,,,,,,,,,,,,
Rollfilm,Rollfilm,胶卷,,,,,,,,,,,,,,,,
Adhesive tape,Adhesive tape,胶带,,,,,,,,,,,,,,,,
Glue,Glue,胶水,,,,,,,,,,,,,,,,
Film camera,Film camera,胶片相机,,,,,,,,,,,,,,,,
Cuirass,Cuirass,胸甲,,,,,,,,,,,,,,,,
Corsage,Corsage,胸花,,,,,,,,,,,,,,,,
Brooch,Brooch,胸针,,,,,,,,,,,,,,,,
Adipose,Adipose,脂肪组织,,,,,,,,,,,,,,,,
Dirty dish,Dirty dish,脏盘子,,,,,,,,,,,,,,,,
Ottoman,Ottoman,脚凳,,,,,,,,,,,,,,,,
Footprints,Footprints,脚印,,,,,,,,,,,,,,,,
Toe,Toe,脚趾,,,,,,,,,,,,,,,,
Swim fins,Swim fins,脚蹼,,,,,,,,,,,,,,,,
Anklet,Anklet,脚链,,,,,,,,,,,,,,,,
Face,Face,脸,,,,,,,,,,,,,,,,
Blush,Blush,脸红,,,,,,,,,,,,,,,,
Cheeks,Cheeks,脸颊,,,,,,,,,,,,,,,,
Spleen,Spleen,脾脏,,,,,,,,,,,,,,,,
Pickles,Pickles,腌黄瓜,,,,,,,,,,,,,,,,
Humus,Humus,腐殖质,,,,,,,,,,,,,,,,
Wrist,Wrist,腕关节,,,,,,,,,,,,,,,,
Blusher,Blusher,腮红,,,,,,,,,,,,,,,,
Cashew,Cashew,腰果,,,,,,,,,,,,,,,,
Gland,Gland,腺体组织,,,,,,,,,,,,,,,,
Tasset,Tasset,腿甲,,,,,,,,,,,,,,,,
Knee,Knee,膝关节,,,,,,,,,,,,,,,,
Dips,Dips,臂屈伸,,,,,,,,,,,,,,,,
ATM,ATM,自动取款机,,,,,,,,,,,,,,,,
Bicycle,Bicycle,自行车,,,,,,,,,,,,,,,,
Bike,Bike,自行车,,,,,,,,,,,,,,,,
Bike pedal,Bike pedal,自行车踏板,,,,,,,,,,,,,,,,
Bicycle bell,Bicycle bell,自行车铃,,,,,,,,,,,,,,,,
Bike lock,Bike lock,自行车锁,,,,,,,,,,,,,,,,
Skunk,Skunk,臭鼬,,,,,,,,,,,,,,,,
Molar tooth,Molar tooth,臼齿,,,,,,,,,,,,,,,,
Tongue,Tongue,舌头,,,,,,,,,,,,,,,,
Souffle,Souffle,舒芙蕾,,,,,,,,,,,,,,,,
Cozy,Cozy,舒适,,,,,,,,,,,,,,,,
Shuttle,Shuttle,航天飞机玤,,,,,,,,,,,,,,,,
Boat,Boat,船,,,,,,,,,,,,,,,,
Colors,Colors,色彩,,,,,,,,,,,,,,,,
Geisha,Geisha,艺妓面具,,,,,,,,,,,,,,,,
Artist,Artist,艺术家,,,,,,,,,,,,,,,,
Emmy,Emmy,艾美奖,,,,,,,,,,,,,,,,
Mango,Mango,芒果,,,,,,,,,,,,,,,,
Turnip,Turnip,芜菁,,,,,,,,,,,,,,,,
Wasabi,Wasabi,芥末,,,,,,,,,,,,,,,,
Mustard,Mustard,芥末,,,,,,,,,,,,,,,,
Reed,Reed,芦苇,,,,,,,,,,,,,,,,
Reed pen,Reed pen,芦苇笔,,,,,,,,,,,,,,,,
Finland flag,Finland flag,芬兰国旗,,,,,,,,,,,,,,,,
Barbie,Barbie,芭比娃娃,,,,,,,,,,,,,,,,
Parfait,Parfait,芭菲,,,,,,,,,,,,,,,,
Flower,Flower,花,,,,,,,,,,,,,,,,
Garland,Garland,花冠,,,,,,,,,,,,,,,,
Floral,Floral,花卉,,,,,,,,,,,,,,,,
Florist,Florist,花商,,,,,,,,,,,,,,,,
Flower origami,Flower origami,花朵折纸,,,,,,,,,,,,,,,,
Bouquet,Bouquet,花束,,,,,,,,,,,,,,,,
Chipmunk,Chipmunk,花栗鼠,,,,,,,,,,,,,,,,
Shower head,Shower head,花洒,,,,,,,,,,,,,,,,
Shower,Shower,花洒,,,,,,,,,,,,,,,,
Wreath,Wreath,花环,,,,,,,,,,,,,,,,
Malasana,Malasana,花环式,,,,,,,,,,,,,,,,
Petal,Petal,花瓣,,,,,,,,,,,,,,,,
Vase,Vase,花瓶,,,,,,,,,,,,,,,,
Peanut,Peanut,花生,,,,,,,,,,,,,,,,
Flower pot,Flower pot,花盆,,,,,,,,,,,,,,,,
Bud,Bud,花蕾,,,,,,,,,,,,,,,,
Ikebana,Ikebana,花道,,,,,,,,,,,,,,,,
Kidney bean,Kidney bean,芸豆,,,,,,,,,,,,,,,,
Celery,Celery,芹菜,,,,,,,,,,,,,,,,
Fly,Fly,苍蝇,,,,,,,,,,,,,,,,
Heron,Heron,苍鹭,,,,,,,,,,,,,,,,
Sultan,Sultan,苏丹,,,,,,,,,,,,,,,,
Soda,Soda,苏打水,,,,,,,,,,,,,,,,
Thurisaz,Thurisaz,苏里萨兹,,,,,,,,,,,,,,,,
Cycad,Cycad,苏铁,,,,,,,,,,,,,,,,
Tundra,Tundra,苔原,,,,,,,,,,,,,,,,
Teff cereal,Teff cereal,苔麸,,,,,,,,,,,,,,,,
Alfalfa,Alfalfa,苜蓿,,,,,,,,,,,,,,,,
Bitter,Bitter,苦味,,,,,,,,,,,,,,,,
UK,UK,英国,,,,,,,,,,,,,,,,
Union Jack,Union Jack,英国国旗,,,,,,,,,,,,,,,,
UK flag,UK flag,英国国旗,,,,,,,,,,,,,,,,
English,English,英语,,,,,,,,,,,,,,,,
Virasana,Virasana,英雄式,,,,,,,,,,,,,,,,
Apple,Apple,苹果,,,,,,,,,,,,,,,,
Apple tree,Apple tree,苹果树,,,,,,,,,,,,,,,,
Apple core,Apple core,苹果核,,,,,,,,,,,,,,,,
Eggplant,Eggplant,茄子,,,,,,,,,,,,,,,,
Jasmine,Jasmine,茉莉,,,,,,,,,,,,,,,,
Fennel,Fennel,茴香,,,,,,,,,,,,,,,,
Tea,Tea,茶,,,,,,,,,,,,,,,,
Tea,Tea,茶叶袋,,,,,,,,,,,,,,,,
Grass,Grass,草,,,,,,,,,,,,,,,,
Sketch,Sketch,草图,,,,,,,,,,,,,,,,
Lawn,Lawn,草坪,,,,,,,,,,,,,,,,
Drafts,Drafts,草稿,,,,,,,,,,,,,,,,
Draft,Draft,草稿,,,,,,,,,,,,,,,,
Strawberry,Strawberry,草莓,,,,,,,,,,,,,,,,
Lychee,Lychee,荔枝,,,,,,,,,,,,,,,,
Pharmacy,Pharmacy,药店,,,,,,,,,,,,,,,,
Pharmacy,Pharmacy,药房,,,,,,,,,,,,,,,,
Potion,Potion,药水,,,,,,,,,,,,,,,,
Pills,Pills,药片,,,,,,,,,,,,,,,,
Ointment,Ointment,药膏,,,,,,,,,,,,,,,,
Holland flag,Holland flag,荷兰国旗,,,,,,,,,,,,,,,,
Lotus origami,Lotus origami,荷花折纸,,,,,,,,,,,,,,,,
Moccasin,Moccasin,莫卡辛鞋,,,,,,,,,,,,,,,,
Mohawk,Mohawk,莫西干头,,,,,,,,,,,,,,,,
Raido,Raido,莱多,,,,,,,,,,,,,,,,
Raidho,Raidho,莱多,,,,,,,,,,,,,,,,
Lutz marble,Lutz marble,莱茨弹珠,,,,,,,,,,,,,,,,
Lotus,Lotus,莲花,,,,,,,,,,,,,,,,
Lotus yoga,Lotus yoga,莲花式,,,,,,,,,,,,,,,,
Lotus origami,Lotus origami,莲花折纸,,,,,,,,,,,,,,,,
Dill,Dill,莳萝,,,,,,,,,,,,,,,,
Dish,Dish,菜肴,,,,,,,,,,,,,,,,
Spinach,Spinach,菠菜,,,,,,,,,,,,,,,,
Rhombus,Rhombus,菱形,,,,,,,,,,,,,,,,
Argyle,Argyle,菱形纹,,,,,,,,,,,,,,,,
Argyle,Argyle,菱形花纹,,,,,,,,,,,,,,,,
Fez,Fez,菲斯帽,,,,,,,,,,,,,,,,
Feijoa,Feijoa,菲油果,,,,,,,,,,,,,,,,
Fehu,Fehu,菲胡,,,,,,,,,,,,,,,,
Screen,Screen,萤幕,,,,,,,,,,,,,,,,
Firefly,Firefly,萤火虫,,,,,,,,,,,,,,,,
Camp fire,Camp fire,营火,,,,,,,,,,,,,,,,
Campfire,Campfire,营火,,,,,,,,,,,,,,,,
Sax,Sax,萨克斯风,,,,,,,,,,,,,,,,
Satyr,Satyr,萨堤尔,,,,,,,,,,,,,,,,
Floor lamp,Floor lamp,落地灯,,,,,,,,,,,,,,,,
Grape,Grape,葡萄,,,,,,,,,,,,,,,,
Raisin,Raisin,葡萄干,,,,,,,,,,,,,,,,
Wine glass,Wine glass,葡萄酒杯,,,,,,,,,,,,,,,,
Wineglass,Wineglass,葡萄酒杯,,,,,,,,,,,,,,,,
Garlic,Garlic,蒜瓣,,,,,,,,,,,,,,,,
Pouf,Pouf,蒲团,,,,,,,,,,,,,,,,
Sapphire,Sapphire,蓝宝石,,,,,,,,,,,,,,,,
Blue cheese,Blue cheese,蓝纹乳酪,,,,,,,,,,,,,,,,
Blueberry,Blueberry,蓝莓,,,,,,,,,,,,,,,,
Veggies,Veggies,蔬菜,,,,,,,,,,,,,,,,
Fern,Fern,蕨类,,,,,,,,,,,,,,,,
Caulerpa,Caulerpa,蕨藻,,,,,,,,,,,,,,,,
Mint,Mint,薄荷,,,,,,,,,,,,,,,,
Fries,Fries,薯条,,,,,,,,,,,,,,,,
Chips,Chips,薯片,,,,,,,,,,,,,,,,
Lavender,Lavender,薰衣草,,,,,,,,,,,,,,,,
Stash,Stash,藏匿物,,,,,,,,,,,,,,,,
Map,Map,藏宝图,,,,,,,,,,,,,,,,
Quinoa,Quinoa,藜麦,,,,,,,,,,,,,,,,
Barnacle,Barnacle,藤壶,,,,,,,,,,,,,,,,
Rattan,Rattan,藤条,,,,,,,,,,,,,,,,
Pergola,Pergola,藤架,,,,,,,,,,,,,,,,
Lianas,Lianas,藤蔓,,,,,,,,,,,,,,,,
Liana,Liana,藤蔓,,,,,,,,,,,,,,,,
Mushrooms,Mushrooms,蘑菇,,,,,,,,,,,,,,,,
Budgie,Budgie,虎皮鹦鹉,,,,,,,,,,,,,,,,
Tiger marble,Tiger marble,虎纹弹珠,,,,,,,,,,,,,,,,
Orca,Orca,虎鲸,,,,,,,,,,,,,,,,
Poppy,Poppy,虞美人,,,,,,,,,,,,,,,,
Siphon,Siphon,虹吸管,,,,,,,,,,,,,,,,
Shrimp,Shrimp,虾,,,,,,,,,,,,,,,,
Antlion,Antlion,蚁狮,,,,,,,,,,,,,,,,
Ants,Ants,蚂蚁,,,,,,,,,,,,,,,,
Ant,Ant,蚂蚁,,,,,,,,,,,,,,,,
Mosquito,Mosquito,蚊子,,,,,,,,,,,,,,,,
Aphid,Aphid,蚜虫,,,,,,,,,,,,,,,,
Grasshopper,Grasshopper,蚱蜢,,,,,,,,,,,,,,,,
Worms,Worms,蛀虫,,,,,,,,,,,,,,,,
Snake,Snake,蛇,,,,,,,,,,,,,,,,
Serpent,Serpent,蛇,,,,,,,,,,,,,,,,
Gorgon,Gorgon,蛇发女妖,,,,,,,,,,,,,,,,
Serpent totem,Serpent totem,蛇图腾,,,,,,,,,,,,,,,,
Basilisk,Basilisk,蛇怪,,,,,,,,,,,,,,,,
Egg,Egg,蛋,,,,,,,,,,,,,,,,
Opal,Opal,蛋白石,,,,,,,,,,,,,,,,
Cake,Cake,蛋糕,,,,,,,,,,,,,,,,
Yolk,Yolk,蛋黄,,,,,,,,,,,,,,,,
Mayo,Mayo,蛋黄酱,,,,,,,,,,,,,,,,
Web,Web,蛛网,,,,,,,,,,,,,,,,
Clam,Clam,蛤蜊,,,,,,,,,,,,,,,,
Moth,Moth,蛾,,,,,,,,,,,,,,,,
Whelk,Whelk,蛾螺,,,,,,,,,,,,,,,,
Honeycomb,Honeycomb,蜂巢,,,,,,,,,,,,,,,,
Honey,Honey,蜂蜜,,,,,,,,,,,,,,,,
Mead,Mead,蜂蜜酒,,,,,,,,,,,,,,,,
Centipede,Centipede,蜈蚣,,,,,,,,,,,,,,,,
Mayfly,Mayfly,蜉蝣,,,,,,,,,,,,,,,,
Snail,Snail,蜗牛,,,,,,,,,,,,,,,,
Worm gear,Worm gear,蜗轮,,,,,,,,,,,,,,,,
Spider,Spider,蜘蛛,,,,,,,,,,,,,,,,
Bee,Bee,蜜蜂,,,,,,,,,,,,,,,,
Bees,Bees,蜜蜂,,,,,,,,,,,,,,,,
Candle,Candle,蜡烛,,,,,,,,,,,,,,,,
Candles,Candles,蜡烛,,,,,,,,,,,,,,,,
Crayon,Crayon,蜡笔,,,,,,,,,,,,,,,,
Lizard,Lizard,蜥蜴,,,,,,,,,,,,,,,,
Tick,Tick,蜱虫,,,,,,,,,,,,,,,,
Dragonfly,Dragonfly,蜻蜓,,,,,,,,,,,,,,,,
Cicada,Cicada,蝉,,,,,,,,,,,,,,,,
Tadpole,Tadpole,蝌蚪,,,,,,,,,,,,,,,,
Scorpion,Scorpion,蝎子,,,,,,,,,,,,,,,,
Locust,Locust,蝗虫,,,,,,,,,,,,,,,,
Bat,Bat,蝙蝠,,,,,,,,,,,,,,,,
Bats,Bats,蝙蝠,,,,,,,,,,,,,,,,
Butterfly,Butterfly,蝴蝶,,,,,,,,,,,,,,,,
Farfalle,Farfalle,蝴蝶面,,,,,,,,,,,,,,,,
Crab,Crab,螃蟹,,,,,,,,,,,,,,,,
Mantis,Mantis,螳螂,,,,,,,,,,,,,,,,
Screw,Screw,螺丝,,,,,,,,,,,,,,,,
Screwdriver,Screwdriver,螺丝刀,,,,,,,,,,,,,,,,
Twirl,Twirl,螺旋,,,,,,,,,,,,,,,,
Spiral,Spiral,螺旋,,,,,,,,,,,,,,,,
Spiral,Spiral,螺旋星系,,,,,,,,,,,,,,,,
Propeller,Propeller,螺旋桨,,,,,,,,,,,,,,,,
Spiral,Spiral,螺旋轨道,,,,,,,,,,,,,,,,
Rotini,Rotini,螺旋面,,,,,,,,,,,,,,,,
Bolt,Bolt,螺栓,,,,,,,,,,,,,,,,
Bolt head,Bolt head,螺栓头,,,,,,,,,,,,,,,,
Katydid,Katydid,螽斯,,,,,,,,,,,,,,,,
Cockroach,Cockroach,蟑螂,,,,,,,,,,,,,,,,
Crab,Crab,蟹,,,,,,,,,,,,,,,,
Worm,Worm,蠕虫,,,,,,,,,,,,,,,,
Earwig,Earwig,蠼螋,,,,,,,,,,,,,,,,
Blood,Blood,血液,,,,,,,,,,,,,,,,
Hemo,Hemo,血液恐惧,,,,,,,,,,,,,,,,
Baggage,Baggage,行李,,,,,,,,,,,,,,,,
Suitcase,Suitcase,行李箱,,,,,,,,,,,,,,,,
Luggage lock,Luggage lock,行李锁,,,,,,,,,,,,,,,,
Walk,Walk,行走,,,,,,,,,,,,,,,,
Go,Go,行进,,,,,,,,,,,,,,,,
Arcade,Arcade,街机,,,,,,,,,,,,,,,,
Rack,Rack,衣架,,,,,,,,,,,,,,,,
Wardrobe,Wardrobe,衣柜,,,,,,,,,,,,,,,,
Collar,Collar,衣领,,,,,,,,,,,,,,,,
Acting,Acting,表演,,,,,,,,,,,,,,,,
Arena,Arena,表演场,,,,,,,,,,,,,,,,
Shirt,Shirt,衬衫,,,,,,,,,,,,,,,,
Bag,Bag,袋子,,,,,,,,,,,,,,,,
Bags,Bags,袋子,,,,,,,,,,,,,,,,
Wombat,Wombat,袋熊,,,,,,,,,,,,,,,,
Kangaroo,Kangaroo,袋鼠,,,,,,,,,,,,,,,,
Sock,Sock,袜子,,,,,,,,,,,,,,,,
Socks,Socks,袜子,,,,,,,,,,,,,,,,
Referee,Referee,裁判,,,,,,,,,,,,,,,,
Tailor,Tailor,裁缝,,,,,,,,,,,,,,,,
Ornament,Ornament,装饰,,,,,,,,,,,,,,,,
Skirt,Skirt,裙子,,,,,,,,,,,,,,,,
Trousers,Trousers,裤子,,,,,,,,,,,,,,,,
Pants,Pants,裤子,,,,,,,,,,,,,,,,
Legs,Legs,裤腿,,,,,,,,,,,,,,,,
Nude,Nude,裸色,,,,,,,,,,,,,,,,
West,West,西,,,,,,,,,,,,,,,,
Broccoli,Broccoli,西兰花,,,,,,,,,,,,,,,,
Theta,Theta,西塔,,,,,,,,,,,,,,,,
Spain flag,Spain flag,西班牙国旗,,,,,,,,,,,,,,,,
Spaniel,Spaniel,西班牙猎犬,,,,,,,,,,,,,,,,
Spanish,Spanish,西班牙语,,,,,,,,,,,,,,,,
Chorizo,Chorizo,西班牙辣香肠,,,,,,,,,,,,,,,,
Watermelon,Watermelon,西瓜,,,,,,,,,,,,,,,,
Sago,Sago,西米椰,,,,,,,,,,,,,,,,
Zucchini,Zucchini,西葫芦,,,,,,,,,,,,,,,,
Blazer,Blazer,西装外套,,,,,,,,,,,,,,,,
Suit bag,Suit bag,西装袋,,,,,,,,,,,,,,,,
Audience,Audience,观众,,,,,,,,,,,,,,,,
Birding,Birding,观鸟,,,,,,,,,,,,,,,,
Sight,Sight,视觉,,,,,,,,,,,,,,,,
Corner,Corner,角落,,,,,,,,,,,,,,,,
Trackpad,Trackpad,触控板,,,,,,,,,,,,,,,,
Stylus,Stylus,触控笔,,,,,,,,,,,,,,,,
Touch,Touch,触觉,,,,,,,,,,,,,,,,
Guard,Guard,警卫,,,,,,,,,,,,,,,,
Officer,Officer,警官,,,,,,,,,,,,,,,,
Police,Police,警察局,,,,,,,,,,,,,,,,
Siren,Siren,警报器,,,,,,,,,,,,,,,,
Baton,Baton,警棍,,,,,,,,,,,,,,,,
Sheriff,Sheriff,警长,,,,,,,,,,,,,,,,
Taxi,Taxi,计程车,,,,,,,,,,,,,,,,
Calculator,Calculator,计算器,,,,,,,,,,,,,,,,
Yield,Yield,让行,,,,,,,,,,,,,,,,
Lectern,Lectern,讲台,,,,,,,,,,,,,,,,
Fraud,Fraud,诈骗,,,,,,,,,,,,,,,,
Test tube,Test tube,试管,,,,,,,,,,,,,,,,
Fitting room,Fitting room,试衣间,,,,,,,,,,,,,,,,
School desk,School desk,课桌,,,,,,,,,,,,,,,,
Desks,Desks,课桌,,,,,,,,,,,,,,,,
Palette,Palette,调色板,,,,,,,,,,,,,,,,
Sound mixer,Sound mixer,调音台,,,,,,,,,,,,,,,,
Barn,Barn,谷仓,,,,,,,,,,,,,,,,
Cereal,Cereal,谷物,,,,,,,,,,,,,,,,
Seeds,Seeds,谷粒,,,,,,,,,,,,,,,,
Soy,Soy,豆奶,,,,,,,,,,,,,,,,
Beans,Beans,豆子,,,,,,,,,,,,,,,,
Beans,Beans,豆类,,,,,,,,,,,,,,,,
Beanbag,Beanbag,豆袋,,,,,,,,,,,,,,,,
Beanbag,Beanbag,豆袋椅,,,,,,,,,,,,,,,,
Bishop,Bishop,象,,,,,,,,,,,,,,,,
Hieroglyphs,Hieroglyphs,象形文字,,,,,,,,,,,,,,,,
Weevil,Weevil,象鼻虫,,,,,,,,,,,,,,,,
Mansion,Mansion,豪宅,,,,,,,,,,,,,,,,
Porcupine,Porcupine,豪猪,,,,,,,,,,,,,,,,
Leopard,Leopard,豹,,,,,,,,,,,,,,,,
Tapir,Tapir,貘,,,,,,,,,,,,,,,,
Beta,Beta,贝塔,,,,,,,,,,,,,,,,
Shells,Shells,贝壳,,,,,,,,,,,,,,,,
Shell,Shell,贝壳,,,,,,,,,,,,,,,,
Bass,Bass,贝斯吉他,,,,,,,,,,,,,,,,
Bagels,Bagels,贝果,,,,,,,,,,,,,,,,
Bagel,Bagel,贝果,,,,,,,,,,,,,,,,
Beret,Beret,贝雷帽,,,,,,,,,,,,,,,,
Ledger,Ledger,账簿,,,,,,,,,,,,,,,,
Shopping,Shopping,购物,,,,,,,,,,,,,,,,
Mall,Mall,购物中心,,,,,,,,,,,,,,,,
Sticker,Sticker,贴纸,,,,,,,,,,,,,,,,
Poodle,Poodle,贵宾犬,,,,,,,,,,,,,,,,
Card,Card,贺卡,,,,,,,,,,,,,,,,
Mussel,Mussel,贻贝,,,,,,,,,,,,,,,,
Gambling,Gambling,赌博,,,,,,,,,,,,,,,,
Casino,Casino,赌场,,,,,,,,,,,,,,,,
Gambler,Gambler,赌徒,,,,,,,,,,,,,,,,
Segway,Segway,赛格威,,,,,,,,,,,,,,,,
Race,Race,赛跑,,,,,,,,,,,,,,,,
Soccer ball,Soccer ball,足球,,,,,,,,,,,,,,,,
Soccer,Soccer,足球,,,,,,,,,,,,,,,,
Feet,Feet,足迹,,,,,,,,,,,,,,,,
Signpost,Signpost,路标,,,,,,,,,,,,,,,,
Router,Router,路由器,,,,,,,,,,,,,,,,
Route,Route,路线,,,,,,,,,,,,,,,,
Skydiver,Skydiver,跳伞者,,,,,,,,,,,,,,,,
Hopscotch,Hopscotch,跳房子,,,,,,,,,,,,,,,,
Springboard,Springboard,跳板,,,,,,,,,,,,,,,,
Checkers,Checkers,跳棋,,,,,,,,,,,,,,,,
Dancing,Dancing,跳舞,,,,,,,,,,,,,,,,
Jump,Jump,跳跃,,,,,,,,,,,,,,,,
Jerboa,Jerboa,跳鼠,,,,,,,,,,,,,,,,
Seesaw,Seesaw,跷跷板,,,,,,,,,,,,,,,,
Scooter,Scooter,踏板车,,,,,,,,,,,,,,,,
Ankle,Ankle,踝关节,,,,,,,,,,,,,,,,
Hi-hat,Hi-hat,踩镲,,,,,,,,,,,,,,,,
Rope jumper,Rope jumper,蹦极者,,,,,,,,,,,,,,,,
Lounger,Lounger,躺椅,,,,,,,,,,,,,,,,
Recliner,Recliner,躺椅,,,,,,,,,,,,,,,,
Couch,Couch,躺椅,,,,,,,,,,,,,,,,
Rook,Rook,车,,,,,,,,,,,,,,,,
Car door,Car door,车门,,,,,,,,,,,,,,,,
Workshop,Workshop,车间,,,,,,,,,,,,,,,,
Track,Track,轨迹,,,,,,,,,,,,,,,,
Railcar,Railcar,轨道车,,,,,,,,,,,,,,,,
Referral,Referral,转诊,,,,,,,,,,,,,,,,
Wheel,Wheel,轮子,,,,,,,,,,,,,,,,
Roller skates,Roller skates,轮滑鞋,,,,,,,,,,,,,,,,
Ship,Ship,轮船,,,,,,,,,,,,,,,,
Nitella,Nitella,轮藻,,,,,,,,,,,,,,,,
Fedora,Fedora,软呢帽,,,,,,,,,,,,,,,,
Bonnet,Bonnet,软帽,,,,,,,,,,,,,,,,
Hose,Hose,软管,,,,,,,,,,,,,,,,
Fudge,Fudge,软糖,,,,,,,,,,,,,,,,
Soft bun,Soft bun,软面包,,,,,,,,,,,,,,,,
Bomber,Bomber,轰炸机夹克,,,,,,,,,,,,,,,,
Moped,Moped,轻便摩托车,,,,,,,,,,,,,,,,
Targe shield,Targe shield,轻木盾,,,,,,,,,,,,,,,,
Sedan,Sedan,轿车,,,,,,,,,,,,,,,,
Braids,Braids,辫子,,,,,,,,,,,,,,,,
Roller coaster,Roller coaster,过山车,,,,,,,,,,,,,,,,
Coaster,Coaster,过山车,,,,,,,,,,,,,,,,
Sneaker,Sneaker,运动鞋,,,,,,,,,,,,,,,,
Sport shoes,Sport shoes,运动鞋,,,,,,,,,,,,,,,,
Goal,Goal,进球,,,,,,,,,,,,,,,,
Onesie,Onesie,连体睡衣,,,,,,,,,,,,,,,,
Hoodie,Hoodie,连帽衫,,,,,,,,,,,,,,,,
Mittens,Mittens,连指手套,,,,,,,,,,,,,,,,
Dress,Dress,连衣裙,,,,,,,,,,,,,,,,
Dirham,Dirham,迪拉姆,,,,,,,,,,,,,,,,
Disco ball,Disco ball,迪斯可球,,,,,,,,,,,,,,,,
Mini,Mini,迷你裙,,,,,,,,,,,,,,,,
Maze,Maze,迷宫,,,,,,,,,,,,,,,,
Rosemary,Rosemary,迷迭香,,,,,,,,,,,,,,,,
Maze,Maze,迷阵,,,,,,,,,,,,,,,,
Escape,Escape,退出键,,,,,,,,,,,,,,,,
Ziggurat,Ziggurat,通天塔,,,,,,,,,,,,,,,,
Macaroni,Macaroni,通心粉,,,,,,,,,,,,,,,,
Tom,Tom,通通鼓,,,,,,,,,,,,,,,,
Arrest,Arrest,逮捕,,,,,,,,,,,,,,,,
Road,Road,道路,,,,,,,,,,,,,,,,
Remote,Remote,遥控器,,,,,,,,,,,,,,,,
Visor,Visor,遮阳帽,,,,,,,,,,,,,,,,
Bongo,Bongo,邦戈鼓,,,,,,,,,,,,,,,,
Stamp,Stamp,邮票,,,,,,,,,,,,,,,,
Postage,Postage,邮票,,,,,,,,,,,,,,,,
Mailbox,Mailbox,邮箱,,,,,,,,,,,,,,,,
Code,Code,邮递区号,,,,,,,,,,,,,,,,
Tulip,Tulip,郁金香,,,,,,,,,,,,,,,,
Tulip origami,Tulip origami,郁金香折纸,,,,,,,,,,,,,,,,
Sheikh,Sheikh,酋长,,,,,,,,,,,,,,,,
Saloon,Saloon,酒吧,,,,,,,,,,,,,,,,
Taproom,Taproom,酒吧间,,,,,,,,,,,,,,,,
Hotel,Hotel,酒店,,,,,,,,,,,,,,,,
Alcohol,Alcohol,酒精,,,,,,,,,,,,,,,,
Burgundy,Burgundy,酒红色,,,,,,,,,,,,,,,,
Sauce bottle,Sauce bottle,酱料瓶,,,,,,,,,,,,,,,,
Sauce,Sauce,酱汁,,,,,,,,,,,,,,,,
Sour,Sour,酸味,,,,,,,,,,,,,,,,
Vinegar,Vinegar,醋,,,,,,,,,,,,,,,,
Rialto bridge,Rialto bridge,里亚托桥,,,,,,,,,,,,,,,,
Lira,Lira,里拉,,,,,,,,,,,,,,,,
Hare,Hare,野兔,,,,,,,,,,,,,,,,
Beast,Beast,野兽,,,,,,,,,,,,,,,,
Bison,Bison,野牛,,,,,,,,,,,,,,,,
Boar,Boar,野猪,,,,,,,,,,,,,,,,
Boar track,Boar track,野猪的足迹,,,,,,,,,,,,,,,,
Mustang,Mustang,野马,,,,,,,,,,,,,,,,
Protractor,Protractor,量角器,,,,,,,,,,,,,,,,
Canary,Canary,金丝雀,,,,,,,,,,,,,,,,
Macaw,Macaw,金刚鹦鹉,,,,,,,,,,,,,,,,
Acacia,Acacia,金合欢树,,,,,,,,,,,,,,,,
Pyramids,Pyramids,金字塔,,,,,,,,,,,,,,,,
Pyramid,Pyramid,金字塔,,,,,,,,,,,,,,,,
Venus,Venus,金星,,,,,,,,,,,,,,,,
Tuna,Tuna,金枪鱼,,,,,,,,,,,,,,,,
Kumquat,Kumquat,金桔,,,,,,,,,,,,,,,,
Taurus,Taurus,金牛座,,,,,,,,,,,,,,,,
Djembe,Djembe,金贝鼓,,,,,,,,,,,,,,,,
Enoki,Enoki,金针菇,,,,,,,,,,,,,,,,
Money,Money,金钱,,,,,,,,,,,,,,,,
Golden bridge,Golden bridge,金门大桥,,,,,,,,,,,,,,,,
Needles,Needles,针,,,,,,,,,,,,,,,,
Needle,Needle,针眼,,,,,,,,,,,,,,,,
Knitted vest,Knitted vest,针织背心,,,,,,,,,,,,,,,,
Echidna,Echidna,针鼹,,,,,,,,,,,,,,,,
Mace,Mace,钉头锤,,,,,,,,,,,,,,,,
Nails,Nails,钉子,,,,,,,,,,,,,,,,
Nail,Nail,钉子,,,,,,,,,,,,,,,,
Fishing,Fishing,钓线,,,,,,,,,,,,,,,,
Cloche,Cloche,钟形女帽,,,,,,,,,,,,,,,,
Bell tower,Bell tower,钟楼,,,,,,,,,,,,,,,,
Sodium,Sodium,钠,,,,,,,,,,,,,,,,
Steel frame,Steel frame,钢架,,,,,,,,,,,,,,,,
Piano,Piano,钢琴,,,,,,,,,,,,,,,,
Piano pedal,Piano pedal,钢琴踏板,,,,,,,,,,,,,,,,
Piano keys,Piano keys,钢琴键,,,,,,,,,,,,,,,,
Pen,Pen,钢笔,,,,,,,,,,,,,,,,
Hacksaw,Hacksaw,钢锯,,,,,,,,,,,,,,,,
Keychain,Keychain,钥匙扣,,,,,,,,,,,,,,,,
Hooks,Hooks,钩针,,,,,,,,,,,,,,,,
Pliers,Pliers,钳子,,,,,,,,,,,,,,,,
Drill,Drill,钻头,,,,,,,,,,,,,,,,
Diamond ring,Diamond ring,钻戒,,,,,,,,,,,,,,,,
Diamond,Diamond,钻石,,,,,,,,,,,,,,,,
Diamond shape,Diamond shape,钻石形,,,,,,,,,,,,,,,,
Diamond ring,Diamond ring,钻石戒指,,,,,,,,,,,,,,,,
Sabaton,Sabaton,铁履,,,,,,,,,,,,,,,,
Gauntlet,Gauntlet,铁手套,,,,,,,,,,,,,,,,
Anvil,Anvil,铁砧,,,,,,,,,,,,,,,,
Bell,Bell,铃,,,,,,,,,,,,,,,,
Bells,Bells,铃铛,,,,,,,,,,,,,,,,
Pencil,Pencil,铅笔,,,,,,,,,,,,,,,,
Rivet,Rivet,铆钉,,,,,,,,,,,,,,,,
Spatula,Spatula,铲子,,,,,,,,,,,,,,,,
Ginkgo,Ginkgo,银杏,,,,,,,,,,,,,,,,
Galaxy marble,Galaxy marble,银河弹珠,,,,,,,,,,,,,,,,
Bank,Bank,银行,,,,,,,,,,,,,,,,
Bank card,Bank card,银行卡,,,,,,,,,,,,,,,,
Chain,Chain,链子,,,,,,,,,,,,,,,,
Chain,Chain,链条,,,,,,,,,,,,,,,,
Chainsaw,Chainsaw,链锯,,,,,,,,,,,,,,,,
Lock,Lock,锁,,,,,,,,,,,,,,,,
Hauberk,Hauberk,锁子甲,,,,,,,,,,,,,,,,
Spatula,Spatula,锅铲,,,,,,,,,,,,,,,,
Anchor,Anchor,锚,,,,,,,,,,,,,,,,
Fluke,Fluke,锚爪,,,,,,,,,,,,,,,,
Gong,Gong,锣,,,,,,,,,,,,,,,,
Hammer,Hammer,锤子,,,,,,,,,,,,,,,,
Conical,Conical,锥形瓶,,,,,,,,,,,,,,,,
Conical roof,Conical roof,锥形顶,,,,,,,,,,,,,,,,
Bevel,Bevel,锥齿轮,,,,,,,,,,,,,,,,
Keyboard,Keyboard,键盘,,,,,,,,,,,,,,,,
Saw,Saw,锯,,,,,,,,,,,,,,,,
Saw,Saw,锯子,,,,,,,,,,,,,,,,
Sawfish,Sawfish,锯鳐,,,,,,,,,,,,,,,,
Forging tongs,Forging tongs,锻造钳,,,,,,,,,,,,,,,,
Mirrors,Mirrors,镜子,,,,,,,,,,,,,,,,
Mirror,Mirror,镜子,,,,,,,,,,,,,,,,
Laser,Laser,镭射,,,,,,,,,,,,,,,,
Sickle,Sickle,镰刀,,,,,,,,,,,,,,,,
Cymbals,Cymbals,镲片,,,,,,,,,,,,,,,,
Cymbal,Cymbal,镲片,,,,,,,,,,,,,,,,
Tessera,Tessera,镶嵌石,,,,,,,,,,,,,,,,
Bench,Bench,长凳,,,,,,,,,,,,,,,,
Trombone,Trombone,长号,,,,,,,,,,,,,,,,
Gharial,Gharial,长吻鳄,,,,,,,,,,,,,,,,
Parakeet,Parakeet,长尾鹦鹉,,,,,,,,,,,,,,,,
Vervet,Vervet,长尾黑颚猴,,,,,,,,,,,,,,,,
Longbow,Longbow,长弓,,,,,,,,,,,,,,,,
Ladle,Ladle,长柄勺,,,,,,,,,,,,,,,,
Couch,Couch,长沙发,,,,,,,,,,,,,,,,
Lance,Lance,长矛,,,,,,,,,,,,,,,,
Pike,Pike,长矛,,,,,,,,,,,,,,,,
Flute,Flute,长笛,,,,,,,,,,,,,,,,
Gibbon,Gibbon,长臂猿,,,,,,,,,,,,,,,,
Kirtle,Kirtle,长袍,,,,,,,,,,,,,,,,
Gown,Gown,长袍,,,,,,,,,,,,,,,,
Stocking,Stocking,长袜,,,,,,,,,,,,,,,,
Long trunk,Long trunk,长象鼻,,,,,,,,,,,,,,,,
Giraffe,Giraffe,长颈鹿,,,,,,,,,,,,,,,,
Door,Door,门,,,,,,,,,,,,,,,,
Menger,Menger,门格海绵,,,,,,,,,,,,,,,,
Ticket,Ticket,门票,,,,,,,,,,,,,,,,
Door camera,Door camera,门铃摄像头,,,,,,,,,,,,,,,,
Latch,Latch,门闩,,,,,,,,,,,,,,,,
Tinsel,Tinsel,闪亮装饰带,,,,,,,,,,,,,,,,
Lightning,Lightning,闪电,,,,,,,,,,,,,,,,
Eclair,Eclair,闪电泡芙,,,,,,,,,,,,,,,,
Eclairs,Eclairs,闪电泡芙,,,,,,,,,,,,,,,,
CCTV,CCTV,闭路电视,,,,,,,,,,,,,,,,
Spy mask,Spy mask,间谍面具,,,,,,,,,,,,,,,,
Alarm,Alarm,闹钟,,,,,,,,,,,,,,,,
Valve,Valve,阀门,,,,,,,,,,,,,,,,
Appendix,Appendix,阑尾,,,,,,,,,,,,,,,,
Safety gloves,Safety gloves,防护手套,,,,,,,,,,,,,,,,
NBC suit,NBC suit,防护服,,,,,,,,,,,,,,,,
Face shield,Face shield,防护面罩,,,,,,,,,,,,,,,,
Gas mask,Gas mask,防毒面具,,,,,,,,,,,,,,,,
Gas,Gas,防毒面具,,,,,,,,,,,,,,,,
Parasol,Parasol,阳伞,,,,,,,,,,,,,,,,
Sunlight,Sunlight,阳光,,,,,,,,,,,,,,,,
Yinyang,Yinyang,阴阳,,,,,,,,,,,,,,,,
Gust,Gust,阵风,,,,,,,,,,,,,,,,
Anubis,Anubis,阿努比斯,,,,,,,,,,,,,,,,
Alpha,Alpha,阿尔法,,,,,,,,,,,,,,,,
Aspis shield,Aspis shield,阿斯庇斯盾,,,,,,,,,,,,,,,,
Atlas,Atlas,阿特拉斯机器人,,,,,,,,,,,,,,,,
Atropos,Atropos,阿特罗波斯,,,,,,,,,,,,,,,,
Ahool,Ahool,阿胡尔,,,,,,,,,,,,,,,,
Asimo,Asimo,阿西莫机器人,,,,,,,,,,,,,,,,
Xeno,Xeno,陌生恐惧,,,,,,,,,,,,,,,,
Speed limit,Speed limit,限速,,,,,,,,,,,,,,,,
Bluff,Bluff,陡崖,,,,,,,,,,,,,,,,
Scarp,Scarp,陡崖,,,,,,,,,,,,,,,,
Divide,Divide,除,,,,,,,,,,,,,,,,
Crag,Crag,险岩,,,,,,,,,,,,,,,,
Jury,Jury,陪审团,,,,,,,,,,,,,,,,
Pottery,Pottery,陶器,,,,,,,,,,,,,,,,
Clay jar,Clay jar,陶罐,,,,,,,,,,,,,,,,
Pottery,Pottery,陶艺,,,,,,,,,,,,,,,,
Pottery Wheel,Pottery Wheel,陶轮,,,,,,,,,,,,,,,,
Hermit,Hermit,隐士,,,,,,,,,,,,,,,,
Tunnel,Tunnel,隧道,,,,,,,,,,,,,,,,
Finch,Finch,雀,,,,,,,,,,,,,,,,
Mars symbol,Mars symbol,雄性符号,,,,,,,,,,,,,,,,
Venus symbol,Venus symbol,雌性符号,,,,,,,,,,,,,,,,
Daisy,Daisy,雏菊,,,,,,,,,,,,,,,,
Statue,Statue,雕像,,,,,,,,,,,,,,,,
Carving,Carving,雕刻,,,,,,,,,,,,,,,,
Cutwork,Cutwork,雕绣,,,,,,,,,,,,,,,,
Umbrella,Umbrella,雨伞,,,,,,,,,,,,,,,,
Rain,Rain,雨水,,,,,,,,,,,,,,,,
Raincoat,Raincoat,雨衣,,,,,,,,,,,,,,,,
Rain boots,Rain boots,雨靴,,,,,,,,,,,,,,,,
Wellies,Wellies,雨鞋,,,,,,,,,,,,,,,,
Snow,Snow,雪,,,,,,,,,,,,,,,,
Yeti,Yeti,雪人,,,,,,,,,,,,,,,,
Sherry glass,Sherry glass,雪利酒杯,,,,,,,,,,,,,,,,
Snow,Snow,雪堆,,,,,,,,,,,,,,,,
Cedar,Cedar,雪松,,,,,,,,,,,,,,,,
Sleigh,Sleigh,雪橇,,,,,,,,,,,,,,,,
Snowflake,Snowflake,雪花,,,,,,,,,,,,,,,,
Sorbet,Sorbet,雪葩,,,,,,,,,,,,,,,,
Snowy owl,Snowy owl,雪鸮,,,,,,,,,,,,,,,,
Zero,Zero,零,,,,,,,,,,,,,,,,
Shocked,Shocked,震惊,,,,,,,,,,,,,,,,
Mold,Mold,霉菌,,,,,,,,,,,,,,,,
Okapi,Okapi,霍加皮,,,,,,,,,,,,,,,,
Neon,Neon,霓虹灯,,,,,,,,,,,,,,,,
Shotgun,Shotgun,霰弹枪,,,,,,,,,,,,,,,,
Grin,Grin,露齿笑,,,,,,,,,,,,,,,,
T-rex,T-rex,霸王龙,,,,,,,,,,,,,,,,
Teenager,Teenager,青少年,,,,,,,,,,,,,,,,
Lime,Lime,青柠,,,,,,,,,,,,,,,,
Teal hue,Teal hue,青蓝色,,,,,,,,,,,,,,,,
Frog,Frog,青蛙,,,,,,,,,,,,,,,,
Frog origami,Frog origami,青蛙折纸,,,,,,,,,,,,,,,,
Africa,Africa,非洲,,,,,,,,,,,,,,,,
NOT,NOT,非门,,,,,,,,,,,,,,,,
Keep right,Keep right,靠右行驶,,,,,,,,,,,,,,,,
Cushion,Cushion,靠垫,,,,,,,,,,,,,,,,
Keep left,Keep left,靠左行驶,,,,,,,,,,,,,,,,
Chair,Chair,靠背椅,,,,,,,,,,,,,,,,
Mask,Mask,面具,,,,,,,,,,,,,,,,
Bread,Bread,面包,,,,,,,,,,,,,,,,
Bun,Bun,面包,,,,,,,,,,,,,,,,
Baker,Baker,面包师,,,,,,,,,,,,,,,,
Loaf,Loaf,面包条,,,,,,,,,,,,,,,,
Noodles,Noodles,面条,,,,,,,,,,,,,,,,
Flour,Flour,面粉,,,,,,,,,,,,,,,,
Veil,Veil,面纱,,,,,,,,,,,,,,,,
Face visor,Face visor,面罩,,,,,,,,,,,,,,,,
Face mask,Face mask,面罩,,,,,,,,,,,,,,,,
Cream,Cream,面霜,,,,,,,,,,,,,,,,
Boot,Boot,靴子,,,,,,,,,,,,,,,,
Boots,Boots,靴子,,,,,,,,,,,,,,,,
Target,Target,靶,,,,,,,,,,,,,,,,
Target,Target,靶子,,,,,,,,,,,,,,,,
Shoelaces,Shoelaces,鞋带,,,,,,,,,,,,,,,,
Saddle,Saddle,鞍具,,,,,,,,,,,,,,,,
Won,Won,韩元,,,,,,,,,,,,,,,,
Leek,Leek,韭葱,,,,,,,,,,,,,,,,
Music awards,Music awards,音乐奖项,,,,,,,,,,,,,,,,
Music notes,Music notes,音符,,,,,,,,,,,,,,,,
Volume control,Volume control,音量控制,,,,,,,,,,,,,,,,
Choker,Choker,项圈,,,,,,,,,,,,,,,,
Necklace,Necklace,项链,,,,,,,,,,,,,,,,
Rorqual,Rorqual,须鲸,,,,,,,,,,,,,,,,
Appointment,Appointment,预约,,,,,,,,,,,,,,,,
Lavalier mic,Lavalier mic,领夹麦克风,,,,,,,,,,,,,,,,
Necktie,Necktie,领带,,,,,,,,,,,,,,,,
Tie,Tie,领带,,,,,,,,,,,,,,,,
Bow tie,Bow tie,领结,,,,,,,,,,,,,,,,
Jaw,Jaw,颌骨,,,,,,,,,,,,,,,,
Colors,Colors,颜色,,,,,,,,,,,,,,,,
Diadem,Diadem,额冠,,,,,,,,,,,,,,,,
Air,Air,风,,,,,,,,,,,,,,,,
Wind turbine,Wind turbine,风力涡轮机,,,,,,,,,,,,,,,,
Wind vane,Wind vane,风向标,,,,,,,,,,,,,,,,
Fan,Fan,风扇,,,,,,,,,,,,,,,,
Storm,Storm,风暴,,,,,,,,,,,,,,,,
Organ,Organ,风琴,,,,,,,,,,,,,,,,
Bagpipes,Bagpipes,风笛,,,,,,,,,,,,,,,,
Kite,Kite,风筝,,,,,,,,,,,,,,,,
Kite shield,Kite shield,风筝盾,,,,,,,,,,,,,,,,
Bellows,Bellows,风箱,,,,,,,,,,,,,,,,
Trenchcoat,Trenchcoat,风衣,,,,,,,,,,,,,,,,
Windmill,Windmill,风车,,,,,,,,,,,,,,,,
Plane,Plane,飞机,,,,,,,,,,,,,,,,
Airplane,Airplane,飞机,,,,,,,,,,,,,,,,
Flying carpet,Flying carpet,飞毯,,,,,,,,,,,,,,,,
Frisbee,Frisbee,飞盘,,,,,,,,,,,,,,,,
Airship,Airship,飞艇,,,,,,,,,,,,,,,,
Flying girl,Flying girl,飞行,,,,,,,,,,,,,,,,
Pilot headset,Pilot headset,飞行员耳机,,,,,,,,,,,,,,,,
Flying boy,Flying boy,飞行的男孩,,,,,,,,,,,,,,,,
Dart,Dart,飞镖,,,,,,,,,,,,,,,,
Pegasus,Pegasus,飞马,,,,,,,,,,,,,,,,
Bird flying,Bird flying,飞鸟,,,,,,,,,,,,,,,,
Ogre,Ogre,食人魔,,,,,,,,,,,,,,,,
Ghoul,Ghoul,食尸鬼,,,,,,,,,,,,,,,,
Cutlery,Cutlery,餐具,,,,,,,,,,,,,,,,
Sideboard,Sideboard,餐具柜,,,,,,,,,,,,,,,,
Restaurant,Restaurant,餐厅,,,,,,,,,,,,,,,,
Napkins,Napkins,餐巾纸,,,,,,,,,,,,,,,,
Table,Table,餐桌,,,,,,,,,,,,,,,,
Dining chair,Dining chair,餐椅,,,,,,,,,,,,,,,,
Dish,Dish,餐盘,,,,,,,,,,,,,,,,
Gyoza,Gyoza,饺子,,,,,,,,,,,,,,,,
Dumpling,Dumpling,饺子,,,,,,,,,,,,,,,,
Pie-chart,Pie-chart,饼图,,,,,,,,,,,,,,,,
Cookies,Cookies,饼干,,,,,,,,,,,,,,,,
Cracker,Cracker,饼干,,,,,,,,,,,,,,,,
Crackers,Crackers,饼干,,,,,,,,,,,,,,,,
Pie,Pie,馅饼,,,,,,,,,,,,,,,,
Spice,Spice,香料,,,,,,,,,,,,,,,,
Flute glass,Flute glass,香槟杯,,,,,,,,,,,,,,,,
Perfume,Perfume,香水,,,,,,,,,,,,,,,,
Censer,Censer,香炉,,,,,,,,,,,,,,,,
Sausage,Sausage,香肠,,,,,,,,,,,,,,,,
Vanilla,Vanilla,香草,,,,,,,,,,,,,,,,
Shiitake,Shiitake,香菇,,,,,,,,,,,,,,,,
Banana,Banana,香蕉,,,,,,,,,,,,,,,,
Banana peel,Banana peel,香蕉皮,,,,,,,,,,,,,,,,
Horse,Horse,马,,,,,,,,,,,,,,,,
Knight chess,Knight chess,马,,,,,,,,,,,,,,,,
Mug,Mug,马克杯,,,,,,,,,,,,,,,,
Marker,Marker,马克笔,,,,,,,,,,,,,,,,
Spurs,Spurs,马刺,,,,,,,,,,,,,,,,
Macaron,Macaron,马卡龙,,,,,,,,,,,,,,,,
Ponytail,Ponytail,马尾,,,,,,,,,,,,,,,,
Circus tent,Circus tent,马戏团帐篷顶,,,,,,,,,,,,,,,,
Martini glass,Martini glass,马提尼杯,,,,,,,,,,,,,,,,
Martini,Martini,马提尼杯,,,,,,,,,,,,,,,,
Marlin,Marlin,马林鱼,,,,,,,,,,,,,,,,
Toilet,Toilet,马桶,,,,,,,,,,,,,,,,
Toilet brush,Toilet brush,马桶刷,,,,,,,,,,,,,,,,
Waistcoat,Waistcoat,马甲,,,,,,,,,,,,,,,,
Bridle,Bridle,马笼头,,,,,,,,,,,,,,,,
Muffin,Muffin,马芬蛋糕,,,,,,,,,,,,,,,,
Mozzarella,Mozzarella,马苏里拉乳酪,,,,,,,,,,,,,,,,
Mosaic,Mosaic,马赛克,,,,,,,,,,,,,,,,
Horseshoe,Horseshoe,马蹄铁,,,,,,,,,,,,,,,,
Carriage,Carriage,马车,,,,,,,,,,,,,,,,
Marjoram,Marjoram,马郁兰,,,,,,,,,,,,,,,,
Saddle,Saddle,马鞍,,,,,,,,,,,,,,,,
Reindeer,Reindeer,驯鹿,,,,,,,,,,,,,,,,
Quay,Quay,驳岸,,,,,,,,,,,,,,,,
Barge,Barge,驳船,,,,,,,,,,,,,,,,
Donkey,Donkey,驴,,,,,,,,,,,,,,,,
Moose,Moose,驼鹿,,,,,,,,,,,,,,,,
Elk track,Elk track,驼鹿的足迹,,,,,,,,,,,,,,,,
Camel,Camel,骆驼,,,,,,,,,,,,,,,,
Knight,Knight,骑士,,,,,,,,,,,,,,,,
Knight chess,Knight chess,骑士,,,,,,,,,,,,,,,,
Cycling,Cycling,骑行,,,,,,,,,,,,,,,,
Biker,Biker,骑行者,,,,,,,,,,,,,,,,
Ride,Ride,骑钹,,,,,,,,,,,,,,,,
Mule,Mule,骡,,,,,,,,,,,,,,,,
Mule,Mule,骡子,,,,,,,,,,,,,,,,
Urn,Urn,骨灰瓮,,,,,,,,,,,,,,,,
Bone,Bone,骨组织,,,,,,,,,,,,,,,,
Murex,Murex,骨螺,,,,,,,,,,,,,,,,
Dice,Dice,骰子,,,,,,,,,,,,,,,,
Sacral chakras,Sacral chakras,骶脉轮,,,,,,,,,,,,,,,,
Skull icon,Skull icon,骷髅图示,,,,,,,,,,,,,,,,
Delight,Delight,高兴,,,,,,,,,,,,,,,,
Golf,Golf,高尔夫,,,,,,,,,,,,,,,,
Golf ball,Golf ball,高尔夫球,,,,,,,,,,,,,,,,
Acro,Acro,高空恐惧,,,,,,,,,,,,,,,,
Trapeze,Trapeze,高空秋千,,,,,,,,,,,,,,,,
Sorghum cereal,Sorghum cereal,高粱,,,,,,,,,,,,,,,,
Goblet,Goblet,高脚杯,,,,,,,,,,,,,,,,
High chair,High chair,高脚椅,,,,,,,,,,,,,,,,
Heels,Heels,高跟鞋,,,,,,,,,,,,,,,,
High heels,High heels,高跟鞋,,,,,,,,,,,,,,,,
Stilts,Stilts,高跷,,,,,,,,,,,,,,,,
Stilt,Stilt,高跷,,,,,,,,,,,,,,,,
Highway,Highway,高速公路,,,,,,,,,,,,,,,,
Top hat,Top hat,高顶礼帽,,,,,,,,,,,,,,,,
Turtleneck,Turtleneck,高领,,,,,,,,,,,,,,,,
Sideburn,Sideburn,鬓角,,,,,,,,,,,,,,,,
Hyena,Hyena,鬣狗,,,,,,,,,,,,,,,,
Iguana,Iguana,鬣蜥,,,,,,,,,,,,,,,,
Ghost,Ghost,鬼魂,,,,,,,,,,,,,,,,
Rubik,Rubik,魔方,,,,,,,,,,,,,,,,
Magician,Magician,魔术师,,,,,,,,,,,,,,,,
Sorcerer,Sorcerer,魔术师,,,,,,,,,,,,,,,,
Wand,Wand,魔杖,,,,,,,,,,,,,,,,
Magic,Magic,魔法,,,,,,,,,,,,,,,,
Magic ring,Magic ring,魔法戒指,,,,,,,,,,,,,,,,
Sigil,Sigil,魔符,,,,,,,,,,,,,,,,
Fish,Fish,鱼,,,,,,,,,,,,,,,,
Caviar,Caviar,鱼子酱,,,,,,,,,,,,,,,,
Fish,Fish,鱼类,,,,,,,,,,,,,,,,
Squid,Squid,鱿鱼,,,,,,,,,,,,,,,,
Lute,Lute,鲁特琴,,,,,,,,,,,,,,,,
Abalone,Abalone,鲍鱼,,,,,,,,,,,,,,,,
Umami,Umami,鲜味,,,,,,,,,,,,,,,,
Sturgeon,Sturgeon,鲟鱼,,,,,,,,,,,,,,,,
Shark,Shark,鲨鱼,,,,,,,,,,,,,,,,
Jaw clip,Jaw clip,鲨鱼夹,,,,,,,,,,,,,,,,
Shark diver,Shark diver,鲨鱼潜水者,,,,,,,,,,,,,,,,
Whale,Whale,鲸,,,,,,,,,,,,,,,,
Whale,Whale,鲸鱼,,,,,,,,,,,,,,,,
Mullet,Mullet,鲻鱼头,,,,,,,,,,,,,,,,
Avocado,Avocado,鳄梨,,,,,,,,,,,,,,,,
Cod,Cod,鳕鱼,,,,,,,,,,,,,,,,
Bird,Bird,鸟,,,,,,,,,,,,,,,,
Beak,Beak,鸟喙,,,,,,,,,,,,,,,,
Cockle,Cockle,鸟蛤,,,,,,,,,,,,,,,,
Chicken,Chicken,鸡,,,,,,,,,,,,,,,,
Chicken beak,Chicken beak,鸡喙,,,,,,,,,,,,,,,,
Cocktail,Cocktail,鸡尾酒礼服,,,,,,,,,,,,,,,,
Duster,Duster,鸡毛掸子,,,,,,,,,,,,,,,,
Chanterelle,Chanterelle,鸡油菌,,,,,,,,,,,,,,,,
Chicken wing,Chicken wing,鸡翅,,,,,,,,,,,,,,,,
Chicken leg,Chicken leg,鸡腿,,,,,,,,,,,,,,,,
Coop,Coop,鸡舍,,,,,,,,,,,,,,,,
Eggs,Eggs,鸡蛋,,,,,,,,,,,,,,,,
Egg,Egg,鸡蛋,,,,,,,,,,,,,,,,
Heater shield,Heater shield,鸢形盾,,,,,,,,,,,,,,,,
Caw,Caw,鸦叫声,,,,,,,,,,,,,,,,
Duck,Duck,鸭,,,,,,,,,,,,,,,,
Duck,Duck,鸭子,,,,,,,,,,,,,,,,
Ducktail,Ducktail,鸭尾胡,,,,,,,,,,,,,,,,
Cap,Cap,鸭舌帽,,,,,,,,,,,,,,,,
Ostrich,Ostrich,鸵鸟,,,,,,,,,,,,,,,,
Dove,Dove,鸽子,,,,,,,,,,,,,,,,
Pigeon,Pigeon,鸽子,,,,,,,,,,,,,,,,
Dove origami,Dove origami,鸽子折纸,,,,,,,,,,,,,,,,
Goose,Goose,鹅,,,,,,,,,,,,,,,,
Pebble,Pebble,鹅卵石,,,,,,,,,,,,,,,,
Pelican,Pelican,鹈鹕,,,,,,,,,,,,,,,,
Quail,Quail,鹌鹑,,,,,,,,,,,,,,,,
Parrot,Parrot,鹦鹉,,,,,,,,,,,,,,,,
Nautilus small,Nautilus small,鹦鹉螺,,,,,,,,,,,,,,,,
Nautilus,Nautilus,鹦鹉螺,,,,,,,,,,,,,,,,
Heron,Heron,鹭,,,,,,,,,,,,,,,,
Eagle,Eagle,鹰,,,,,,,,,,,,,,,,
Garbanzo,Garbanzo,鹰嘴豆,,,,,,,,,,,,,,,,
Gram,Gram,鹰嘴豆,,,,,,,,,,,,,,,,
Eagle totem,Eagle totem,鹰图腾,,,,,,,,,,,,,,,,
Deer,Deer,鹿,,,,,,,,,,,,,,,,
Muskrat,Muskrat,麝鼠,,,,,,,,,,,,,,,,
Microphone stand,Microphone stand,麦克风架,,,,,,,,,,,,,,,,
Ale,Ale,麦芽酒,,,,,,,,,,,,,,,,
Mahjong,Mahjong,麻将,,,,,,,,,,,,,,,,
Mochi,Mochi,麻糬,,,,,,,,,,,,,,,,
Sparrow,Sparrow,麻雀,,,,,,,,,,,,,,,,
Dusk,Dusk,黄昏,,,,,,,,,,,,,,,,
Butter,Butter,黄油,,,,,,,,,,,,,,,,
Cucumber,Cucumber,黄瓜,,,,,,,,,,,,,,,,
Wasp,Wasp,黄蜂,,,,,,,,,,,,,,,,
Stingray,Stingray,黄貂鱼,,,,,,,,,,,,,,,,
Weasel,Weasel,黄鼠狼,,,,,,,,,,,,,,,,
Dawn,Dawn,黎明,,,,,,,,,,,,,,,,
Blackboard,Blackboard,黑板,,,,,,,,,,,,,,,,
Chalkboard,Chalkboard,黑板,,,,,,,,,,,,,,,,
Spades,Spades,黑桃,,,,,,,,,,,,,,,,
Black pepper,Black pepper,黑胡椒,,,,,,,,,,,,,,,,
Vinyl record,Vinyl record,黑胶唱片,,,,,,,,,,,,,,,,
Panther,Panther,黑豹,,,,,,,,,,,,,,,,
Rye grain,Rye grain,黑麦,,,,,,,,,,,,,,,,
Rye cereal,Rye cereal,黑麦,,,,,,,,,,,,,,,,
Rye,Rye,黑麦,,,,,,,,,,,,,,,,
Rye,Rye,黑麦面包,,,,,,,,,,,,,,,,
Mime,Mime,默剧演员,,,,,,,,,,,,,,,,
Drum,Drum,鼓,,,,,,,,,,,,,,,,
Drumsticks,Drumsticks,鼓槌,,,,,,,,,,,,,,,,
Sage,Sage,鼠尾草,,,,,,,,,,,,,,,,
Molehill,Molehill,鼹鼠丘,,,,,,,,,,,,,,,,
Nostrils,Nostrils,鼻孔,,,,,,,,,,,,,,,,
Zeppelin,Zeppelin,齐柏林飞艇,,,,,,,,,,,,,,,,
Zither,Zither,齐特琴,,,,,,,,,,,,,,,,
Gears,Gears,齿轮,,,,,,,,,,,,,,,,
Dragon,Dragon,龙,,,,,,,,,,,,,,,,
Tornado,Tornado,龙卷风,,,,,,,,,,,,,,,,
Dragon fire,Dragon fire,龙火,,,,,,,,,,,,,,,,
Chinchilla,Chinchilla,龙猫,,,,,,,,,,,,,,,,
Longan,Longan,龙眼,,,,,,,,,,,,,,,,
Lobster,Lobster,龙虾,,,,,,,,,,,,,,,,
Turtle,Turtle,龟,,,,,,,,,,,,,,,,
Monstera,Monstera,龟背竹,,,,,,,,,,,,,,,,